"site.ID","sites.sitename","network","alt.names","super.site","city","state","country","lat","lon","masl","geography.notes","mat","min.temp","max.temp","map","climate.notes","soil.texture","sand","silt","clay","soil.classification","soil.notes","hydrology.notes","site.notes","geographic.area","biogeog","Koeppen","FAO.ecozone","site.ID.v1","measurement.refs","site.ref","ref.notes","lacks.info.from.ori.pub","loaded.from","loaded.by","potential_duplicate_group","potential_duplicate_group_parsed","confirmed.unique","potential.duplicates.manual","duplicate.notes","NEW_RECORD","GROA.site.ID","OLD_RECORD"
1438,"Parque Nacional Palo Verde: area de Conservacion Tempisque",NA,NA,"","Palo Verde","Guanacaste","Costa Rica",10.383618,-85.334663,"NAC","Original coordinates (10.583, -85.583) not in Palo Verde. Original pub does not have coords. Replaced with coords from Google Maps for Parque Nacional Palo Verde","25","NAC","NAC","1444",NA,"NAC","NAC","NAC","NAC","NAC","Developed from alluvial areas along the floodplain and wetlands of the Tempisque River and the eroding limestone hills.","NAC",NA,"604","Neotropics","Aw","Tropical moist forest",290,"Becknell_2014_saas",NA,NA,NA,NA,NA,0,"0",NA,NA,"",FALSE,NA,NA
6639,"Parque Nacional Palo Verde: area de Conservacion Tempisque",NA,NA,NA,"NAC","Guanacaste","Costa Rica",10.383618,-85.334663,"NAC",NA,"NAC","NAC","NAC","1444",NA,"36.33.31","NaN","NaN","NaN","NAC",NA,NA,NA,NA,NA,NA,NA,NA,"Becknell_2014_saas",NA,NA,0,"[Cook-Patton database citation, in ForC format]","R script by Valentine Herrmann",NA,NA,NA,NA,NA,TRUE,304,FALSE
1268,"Molienda slash-and-burned forest recovery chronosequence",NA,NA,"","Bolpebra","Pando","Bolivia",-11.441,-69.158,"NAC",NA,"24.78","NAC","NAC","1800",NA,"NAC","NAC","NAC","NAC","NAC",NA,"NAC",NA,"538","Neotropics","Am","Tropical rainforest",38,"Broadbent_2014_isas","",NA,NA,NA,NA,0,"0",NA,NA,"",FALSE,NA,NA
7124,"Molienda slash-and-burned forest recovery chronosequence",NA,NA,NA,"NAC","Pando","Bolivia",-11.441111,-69.158333,"NAC",NA,"NAC","NAC","NAC","1800",NA,"50.32.17","NaN","NaN","NaN","NAC",NA,NA,NA,NA,NA,NA,NA,NA,"Broadbent_2014_isas",NA,NA,0,"[Cook-Patton database citation, in ForC format]","R script by Valentine Herrmann",NA,NA,NA,NA,NA,TRUE,19,FALSE
100,"Bago Mountain swidden cultivation fallows chronosequence",NA,NA,"","Karen","Bago","Myanmar",18.875,95.891,"350",NA,"27","NAC","NAC","1900",NA,"NAC","NAC","NAC","NAC","Ultisol",NA,"NAC",NA,"53","IndoMalay","Aw","Tropical rainforest",385,"Chan_2013_eoam",NA,NA,NA,NA,NA,19,"1","0",NA,"need to return to two original refs",FALSE,NA,NA
8279,"Bago Mountain swidden cultivation fallows chronosequence",NA,NA,NA,"NAC","Bago","Myanmar",18.875,95.875,"350",NA,"27","NAC","NAC","1900",NA,"","NaN","NaN","NaN","Ultisol",NA,NA,NA,NA,NA,NA,NA,NA,"Chan_2013_eoam",NA,NA,0,"[Cook-Patton database citation, in ForC format]","R script by Valentine Herrmann",NA,NA,NA,NA,NA,TRUE,310,FALSE
396,"Chippewa National Forest chronosequence",NA,NA,"","Deep River","Minnesota","United States of America",47.341,-94.207,"NAC",NA,"3","NAC","NAC","700",NA,"sand","NAC","NAC","NAC","NAC",NA,NA,NA,"168","Nearctic","Dfb","Temperate continental forest",NA,"Powers_2012_csaa",NA,NA,NA,NA,NA,0,"0",NA,NA,"",FALSE,NA,NA
13499,"Chippewa National Forest chronosequence",NA,NA,NA,"NAC","Minnesota","United States",47.341,-94.207,"NAC",NA,"3.9","NAC","NAC","700",NA,"sandy","NaN","NaN","NaN","Entisols",NA,NA,NA,NA,NA,NA,NA,NA,"Powers_2012_csaa",NA,NA,0,"[Cook-Patton database citation, in ForC format]","R script by Valentine Herrmann",NA,NA,NA,NA,NA,TRUE,3575,FALSE
1322,"Niah River Chronosequence III",NA,NA,"","NAC","Sarawak","Malaysia",3.583,113.583,"NAC",NA,"26.57","NAC","NAC","3749",NA,"NAC","NAC","NAC","NAC","NAC",NA,"NAC",NA,"559","IndoMalay","Af","Tropical rainforest",184,"Jepsen_2006_acsi",NA,NA,NA,NA,NA,0,"0",NA,NA,"",FALSE,NA,NA
37952,"Niah River Chronosequence III",NA,NA,NA,"NAC","Sarawak","Malaysia",3.583333,113.583333,"NAC",NA,"26.57","NAC","NAC","3749",NA,"","NaN","NaN","NaN","NAC",NA,NA,NA,NA,NA,NA,NA,NA,"Jepsen_2006_acsi",NA,NA,0,"[Cook-Patton database citation, in ForC format]","R script by Valentine Herrmann",NA,NA,NA,NA,NA,TRUE,303,FALSE
1142,"Luquillo Experimental Forest",NA,NA,"Luquillo","El Verde","Puerto Rico","United States of America",18.3,-65.8,"500","lat-long estimated from map in paper and google maps; more precise value may be possible. See Luyssaert?","22.3","NAC","NAC","3760",NA,"clay","NAC","NAC","NAC","NAC",NA,"NAC","Secondary tabonuco forest","81","Neotropics","Am","Tropical mountain system",356,"Crow_1980_arca",NA,NA,NA,"Anderson_2006_toba",NA,38,"1,2","NAC",NA,"",FALSE,NA,NA
45539,"Luquillo Experimental Forest",NA,NA,NA,"NAC","Puerto Rico","United States",18.3,-65.833333,"400",NA,"22.3","NAC","NAC","3920",NA,"25.41.35","NaN","NaN","NaN","ultisols",NA,NA,NA,NA,NA,NA,NA,NA,"Crow_1980_arca",NA,NA,0,"[Cook-Patton database citation, in ForC format]","R script by Valentine Herrmann",NA,NA,NA,NA,NA,TRUE,2414,FALSE
870,"Kembera",NA,NA,"","NAC","West Kalimantan","Indonesia",-0.4,110.1,"350",NA,"NAC","NAC","NAC","3608",NA,"NAC","NAC","NAC","NAC","Ultisol/Oxisol",NA,"NAC",NA,"375","IndoMalay","Af","Tropical rainforest",1231,"Lawrence_2005_baay",NA,NA,NA,"Bonner_2013_amgc",NA,0,"0",NA,NA,"",FALSE,NA,NA
46725,"Kembera",NA,NA,NA,"NAC","West Kalimantan","Indonesia",-0.4,110.1,"350",NA,"NAC","NAC","NAC","4000",NA,"NAC","NAC","NAC","NAC","Ultisol/Oxisol",NA,NA,NA,NA,NA,NA,NA,NA,"Lawrence_2005_baay",NA,NA,0,"[Cook-Patton database citation, in ForC format]","R script by Valentine Herrmann",NA,NA,NA,NA,NA,TRUE,2236,FALSE
1871,"University of Michigan Biological Station burn and clearcut experimental plots",NA,NA,"University of Michigan Biological Station (UMBS)","NAC","Michigan","United States of America",45.57,-84.7,"NAC",NA,"5.4","NAC","NAC","820",NA,"NAC","NAC","NAC","NAC","NAC",NA,NA,NA,"360","Nearctic","Dfb","Temperate continental forest",NA,"White_2004_baas",NA,NA,NA,"Anderson_2006_toba",NA,296,"1",NA,NA,"",FALSE,NA,NA
50069,"University of Michigan Biological Station burn and clearcut experimental plots",NA,NA,NA,"NAC","Michigan","United States",45.566667,-84.7,"NAC",NA,"6.2","NAC","NAC","820",NA,"","NaN","NaN","NaN","NAC",NA,NA,NA,NA,NA,NA,NA,NA,"White_2004_baas",NA,NA,0,"[Cook-Patton database citation, in ForC format]","R script by Valentine Herrmann",NA,NA,NA,NA,NA,TRUE,3625,FALSE
1447,"Pifo Polylepis Forest",NA,NA,"","NAC","Pichincha","Ecuador",-0.233,-78.25,"3900",NA,"6.6","NAC","NAC","1500",NA,"NAC","NAC","NAC","NAC","NAC","Soils are formed in young volcanic ashes that are high in biotite and were deposited 330 years ago by the last major eruption of the Cotopaxi volcano, which did not reach the Oyacachi area (Hall","NAC",NA,"598","Neotropics","Cfb","Tropical mountain system",129,"Fehse_2002_hats",NA,NA,NA,NA,NA,0,"0",NA,NA,"",FALSE,NA,NA
60485,"Pifo Polylepis Forest",NA,NA,NA,"NAC","Pichincha","Ecuador",-0.233,-78.25,"3600",NA,"6.6","NAC","NAC","1500",NA,"","NaN","NaN","NaN","Young volcanic ashes",NA,NA,NA,NA,NA,NA,NA,NA,"Fehse_2002_hats",NA,NA,0,"[Cook-Patton database citation, in ForC format]","R script by Valentine Herrmann",NA,NA,NA,NA,NA,TRUE,290,FALSE
1978,"Wind River Ranger District chronosequence: clear-cut",NA,NA,"Wind River","NAC","Washington","United States of America",45.82,-121.97,"767.5",NA,"9.02499","NAC","NAC","2500",NA,"NAC","NAC","NAC","NAC","Inceptisol","Soils are classified as well-drained Stabler series Andic Haplumbrept derived from recent volcanic tephra.",NA,NA,"439","Nearctic","Csb","Temperate mountain system",NA,"Janisch_2002_scil",NA,NA,NA,"Anderson_2006_toba",NA,205,"1",NA,NA,"",FALSE,NA,NA
61859,"Wind River Ranger District chronosequence: clear-cut",NA,NA,NA,"NAC","Washington","United States",45.816667,-121.966667,"560",NA,"8.7","NAC","NAC","2500",NA,"","NaN","NaN","NaN","Andic Haplumbrept",NA,NA,NA,NA,NA,NA,NA,NA,"Janisch_2002_scil",NA,NA,0,"[Cook-Patton database citation, in ForC format]","R script by Valentine Herrmann",NA,NA,NA,NA,NA,TRUE,3535,FALSE
800,"J.M. Tucker Amazonian Brazil chronosequence",NA,NA,"","NAC","Para","Brazil",-1.25,-46.75,"NAC",NA,"25.375","NAC","NAC","2841",NA,"sand","NAC","NAC","NAC","NAC",NA,"NAC",NA,"341","Neotropics","Am","Tropical rainforest",117,"Zarin_2001_pbai",NA,"J.M. Tucker unpublished data",NA,"Anderson_2006_toba",NA,0,"0",NA,NA,"",FALSE,NA,NA
62552,"J.M. Tucker Amazonian Brazil chronosequence",NA,NA,NA,"NAC","Para","Brazil",-1.25,-46.75,"NAC",NA,"NAC","NAC","NAC","2841",NA,"sandy","NaN","NaN","NaN","Oxisols",NA,NA,NA,NA,NA,NA,NA,NA,"Zarin_2001_pbai",NA,NA,0,"[Cook-Patton database citation, in ForC format]","R script by Valentine Herrmann",NA,NA,NA,NA,NA,TRUE,273,FALSE
1747,"Surutu",NA,NA,"","NAC","Santa Cruz","Bolivia",-17.5,-63.5,"NAC",NA,"23","NAC","NAC","1600",NA,"NAC","NAC","NAC","NAC","Inceptisol","Stands surveyed in the alluvial zone were on dystric and vertic eutro- chrepts. The soils of the uplands are mostly quartzipsammentic haplothorps on dissected terraces to the north and typic paleudults on the piedmont to the southwest.","NAC",NA,"727","Neotropics","Aw","Tropical moist forest",17,"Steininger_2000_sfsa",NA,NA,NA,"Anderson_2006_toba",NA,0,"0",NA,NA,"",FALSE,NA,NA
66435,"Surutu",NA,NA,NA,"NAC","Santa Cruz","Bolivia",-17.5,-63.5,"NAC",NA,"23","NAC","NAC","1600",NA,"NAC","NAC","NAC","NAC","Ultisols, Eutrochrepts",NA,NA,NA,NA,NA,NA,NA,NA,"Steininger_2000_sfsa",NA,NA,0,"[Cook-Patton database citation, in ForC format]","R script by Valentine Herrmann",NA,NA,NA,NA,NA,TRUE,54,FALSE
272,"Brazilian Lower Amazon land use and fire recovery age sequence",NA,NA,"","Santarem","Para","Brazil",-3.25,-52.25,"NAC",NA,"25.30833356","NAC","NAC","2225",NA,"NAC","NAC","NAC","NAC","NAC",NA,"NAC",NA,"106","Neotropics","Am","Tropical rainforest",71,"Sorrensen_2000_lslu",NA,NA,NA,"Anderson_2006_toba",NA,0,"0",NA,NA,"",FALSE,NA,NA
68604,"Brazilian Lower Amazon land use and fire recovery age sequence",NA,NA,NA,"NAC","Para","Brazil",-3.25,-52.25,"NAC",NA,"25","NAC","NAC","2000",NA,"","NaN","NaN","NaN","NAC",NA,NA,NA,NA,NA,NA,NA,NA,"Sorrensen_2000_lslu",NA,NA,0,"[Cook-Patton database citation, in ForC format]","R script by Valentine Herrmann",NA,NA,NA,NA,NA,TRUE,269,FALSE
1740,"Subtropical broad-leaved evergreen forest chronosequence",NA,NA,"","Shanghai","Zhejiang","China",29.46,121.66,"475","Original coordinates (29.5, 121.5) in ocean. Obtained approximate coordinates from GoogleMaps.","18","5","29","1800",NA,"NAC","NAC","NAC","NAC","NAC",NA,NA,NA,"724","IndoMalay","Cfa","Subtropical humid forest",NA,"Li_1999_ssit",NA,NA,NA,"Anderson_2006_toba",NA,0,"0",NA,NA,"",FALSE,NA,NA
70070,"Subtropical broad-leaved evergreen forest chronosequence",NA,NA,NA,"NAC","Zhejiang","China",29.46,121.66,"475",NA,"18","NAC","NAC","1500",NA,"","NaN","NaN","NaN","Ultisols",NA,NA,NA,NA,NA,NA,NA,NA,"Li_1999_ssit",NA,NA,0,"[Cook-Patton database citation, in ForC format]","R script by Valentine Herrmann",NA,NA,NA,NA,NA,TRUE,3650,FALSE
1683,"Sipitang",NA,NA,"","NAC","Sabah","Malaysia",5.0792,115.5508,"700",NA,"NAC","NAC","NAC","3352",NA,"NAC","NAC","NAC","NAC","Haplic acrisol",NA,"NAC",NA,"704","IndoMalay","Af","Tropical rainforest",1259,"Nykvist_1996_rosv",NA,NA,NA,"Bonner_2013_amgc",NA,0,"0",NA,NA,"",FALSE,NA,NA
72299,"Sipitang",NA,NA,NA,"NAC","Sabah","Malaysia",5,115.083333,"700",NA,"NAC","NAC","NAC","3352",NA,"","NaN","NaN","NaN","Haplic acrisol",NA,NA,NA,NA,NA,NA,NA,NA,"Nykvist_1996_rosv",NA,NA,0,"[Cook-Patton database citation, in ForC format]","R script by Valentine Herrmann",NA,NA,NA,NA,NA,TRUE,3623,FALSE
1337,"Northeast India fallow field chronosequence",NA,NA,"","Burnihat","Meghalaya","India",26,91.083333,"100",NA,"25.3","12","32","2200",NA,"clay","NAC","NAC","NAC","Oxisol","Red loamy laterite (oxisol) derived from metamorphic rocks. pH of 7.",NA,NA,"567","IndoMalay","Cwa","Tropical moist forest",NA,"Toky_1983_ssfs",NA,NA,NA,"Anderson_2006_toba",NA,0,"0",NA,NA,"",FALSE,NA,NA
81974,"Northeast India fallow field chronosequence",NA,NA,NA,"NAC","Meghalaya","India",26,91.083333,"100",NA,"NAC","NAC","NAC","2200",NA,"loam","NaN","NaN","NaN","oxisols",NA,NA,NA,NA,NA,NA,NA,NA,"Toky_1983_ssfs",NA,NA,0,"[Cook-Patton database citation, in ForC format]","R script by Valentine Herrmann",NA,NA,NA,NA,NA,TRUE,3716,FALSE
559,"El Eden Ecological Reserve fire chronosequence",NA,NA,"","NAC","Quintana Roo","Mexico",21.216667,-87.183333,"6",NA,"24.2","NAC","NAC","1650",NA,"NAC","NAC","NAC","NAC","NAC","limestone bedrock","NAC","2500ha protected; 800ha mature forest, remaining is secondary","236","Neotropics","Aw","Tropical moist forest",384,"Vargas_2008_baca",NA,"Gomez-Pompa 2003",NA,NA,NA,0,"0",NA,NA,"",FALSE,NA,NA
83177,"El Eden Ecological Reserve fire chronosequence",NA,NA,NA,"NAC","Quintana Roo","Mexico",21.2,-87.183333,"6",NA,"24.2","NAC","NAC","1650",NA,"","NaN","NaN","NaN","NAC",NA,NA,NA,NA,NA,NA,NA,NA,"Vargas_2008_baca",NA,NA,0,"[Cook-Patton database citation, in ForC format]","R script by Valentine Herrmann",NA,NA,NA,NA,NA,TRUE,363,FALSE
1420,"Palma Real",NA,NA,"","NAC","Puntarenas","Costa Rica",8.3961,-83.3374,"10",NA,"27.4","NAC","NAC","4200",NA,"NAC","NAC","NAC","NAC","Inceptisol",NA,"NAC",NA,"116","Neotropics","Af","Tropical rainforest",1303,"Cifuentes-Jara_2008_abae",NA,NA,NA,"Bonner_2013_amgc",NA,0,"0",NA,NA,"",FALSE,NA,NA
83580,"Palma Real",NA,NA,NA,"NAC","Puntarenas","Costa Rica",8.3961,-83.3374,"10",NA,"27.4","NAC","NAC","4200",NA,"","NaN","NaN","NaN"," Inceptisol  ",NA,NA,NA,NA,NA,NA,NA,NA,"Cifuentes-Jara_2008_abae",NA,NA,0,"[Cook-Patton database citation, in ForC format]","R script by Valentine Herrmann",NA,NA,NA,NA,NA,TRUE,13945,FALSE
291,"Caliente",NA,NA,"","NAC","Puntarenas","Costa Rica",8.4053,-83.3372,"74",NA,"27","NAC","NAC","4300",NA,"NAC","NAC","NAC","NAC","Ultisol",NA,"NAC",NA,"116","Neotropics","Af","Tropical rainforest",1302,"Cifuentes-Jara_2008_abae",NA,NA,NA,"Bonner_2013_amgc",NA,0,"0",NA,NA,"",FALSE,NA,NA
83984,"Caliente",NA,NA,NA,"NAC","Puntarenas","Costa Rica",8.4053,-83.3372,"74",NA,"27","NAC","NAC","4300",NA,"","NaN","NaN","NaN"," Ultisol  ",NA,NA,NA,NA,NA,NA,NA,NA,"Cifuentes-Jara_2008_abae",NA,NA,0,"[Cook-Patton database citation, in ForC format]","R script by Valentine Herrmann",NA,NA,NA,NA,NA,TRUE,13944,FALSE
1863,"TUVA",NA,NA,"","NAC","Puntarenas","Costa Rica",8.4055,-83.3398,"46",NA,"27.2","NAC","NAC","4250",NA,"NAC","NAC","NAC","NAC","Ultisol",NA,"NAC",NA,"116","Neotropics","Af","Tropical rainforest",1294,"Cifuentes-Jara_2008_abae",NA,NA,NA,"Bonner_2013_amgc",NA,0,"0",NA,NA,"",FALSE,NA,NA
84389,"TUVA",NA,NA,NA,"NAC","Puntarenas","Costa Rica",8.4055,-83.3398,"46",NA,"27.2","NAC","NAC","4250",NA,"","NaN","NaN","NaN"," Ultisol  ",NA,NA,NA,NA,NA,NA,NA,NA,"Cifuentes-Jara_2008_abae",NA,NA,0,"[Cook-Patton database citation, in ForC format]","R script by Valentine Herrmann",NA,NA,NA,NA,NA,TRUE,13936,FALSE
1450,"Piro",NA,NA,"","NAC","Puntarenas","Costa Rica",8.4055,-83.3408,"15",NA,"27.4","NAC","NAC","4200",NA,"NAC","NAC","NAC","NAC","Ultisol",NA,"NAC",NA,"116","Neotropics","Af","Tropical rainforest",1299,"Cifuentes-Jara_2008_abae",NA,NA,NA,"Bonner_2013_amgc",NA,0,"0",NA,NA,"",FALSE,NA,NA
84795,"Piro",NA,NA,NA,"NAC","Puntarenas","Costa Rica",8.4055,-83.3408,"15",NA,"27.4","NAC","NAC","4200",NA,"","NaN","NaN","NaN"," Ultisol  ",NA,NA,NA,NA,NA,NA,NA,NA,"Cifuentes-Jara_2008_abae",NA,NA,0,"[Cook-Patton database citation, in ForC format]","R script by Valentine Herrmann",NA,NA,NA,NA,NA,TRUE,13941,FALSE
957,"La Huerta",NA,NA,"","NAC","Puntarenas","Costa Rica",8.4086,-83.3363,"68",NA,"27.1","NAC","NAC","4300",NA,"NAC","NAC","NAC","NAC","Ultisol",NA,"NAC",NA,"116","Neotropics","Af","Tropical rainforest",1296,"Cifuentes-Jara_2008_abae",NA,NA,NA,"Bonner_2013_amgc",NA,0,"0",NA,NA,"",FALSE,NA,NA
85202,"La Huerta",NA,NA,NA,"NAC","Puntarenas","Costa Rica",8.4086,-83.3363,"68",NA,"27.1","NAC","NAC","4300",NA,"","NaN","NaN","NaN"," Ultisol  ",NA,NA,NA,NA,NA,NA,NA,NA,"Cifuentes-Jara_2008_abae",NA,NA,0,"[Cook-Patton database citation, in ForC format]","R script by Valentine Herrmann",NA,NA,NA,NA,NA,TRUE,13938,FALSE
749,"Hotel",NA,NA,"","NAC","Puntarenas","Costa Rica",9.7601,-84.6145,"38",NA,"27.7","NAC","NAC","2950",NA,"NAC","NAC","NAC","NAC","Ultisol",NA,"NAC",NA,"113","Neotropics","Aw","Tropical moist forest",1283,"Cifuentes-Jara_2008_abae",NA,NA,NA,"Bonner_2013_amgc",NA,0,"0",NA,NA,"",FALSE,NA,NA
85610,"Hotel",NA,NA,NA,"NAC","Puntarenas","Costa Rica",9.7601,-84.6145,"38",NA,"27.7","NAC","NAC","2950",NA,"","NaN","NaN","NaN"," Ultisol  ",NA,NA,NA,NA,NA,NA,NA,NA,"Cifuentes-Jara_2008_abae",NA,NA,0,"[Cook-Patton database citation, in ForC format]","R script by Valentine Herrmann",NA,NA,NA,NA,NA,TRUE,13925,FALSE
1063,"Luciano",NA,NA,"","NAC","Puntarenas","Costa Rica",9.7713,-84.614,"101",NA,"27.3","NAC","NAC","3100",NA,"NAC","NAC","NAC","NAC","Ultisol",NA,"NAC",NA,"113","Neotropics","Aw","Tropical moist forest",1284,"Cifuentes-Jara_2008_abae",NA,NA,NA,"Bonner_2013_amgc",NA,0,"0",NA,NA,"",FALSE,NA,NA
86019,"Luciano",NA,NA,NA,"NAC","Puntarenas","Costa Rica",9.7713,-84.614,"101",NA,"27.3","NAC","NAC","3100",NA,"","NaN","NaN","NaN"," Ultisol  ",NA,NA,NA,NA,NA,NA,NA,NA,"Cifuentes-Jara_2008_abae",NA,NA,0,"[Cook-Patton database citation, in ForC format]","R script by Valentine Herrmann",NA,NA,NA,NA,NA,TRUE,13926,FALSE
2049,"Yucal",NA,NA,"","NAC","Puntarenas","Costa Rica",9.7725,-84.6183,"244",NA,"26.4","NAC","NAC","3000",NA,"NAC","NAC","NAC","NAC","Ultisol",NA,"NAC",NA,"113","Neotropics","Aw","Tropical moist forest",1280,"Cifuentes-Jara_2008_abae",NA,NA,NA,"Bonner_2013_amgc",NA,0,"0",NA,NA,"",FALSE,NA,NA
86429,"Yucal",NA,NA,NA,"NAC","Puntarenas","Costa Rica",9.7725,-84.6183,"244",NA,"26.4","NAC","NAC","3000",NA,"","NaN","NaN","NaN"," Ultisol  ",NA,NA,NA,NA,NA,NA,NA,NA,"Cifuentes-Jara_2008_abae",NA,NA,0,"[Cook-Patton database citation, in ForC format]","R script by Valentine Herrmann",NA,NA,NA,NA,NA,TRUE,13922,FALSE
402,"Chupadero",NA,NA,"","NAC","Puntarenas","Costa Rica",9.7761,-84.618,"45",NA,"27.6","NAC","NAC","3000",NA,"NAC","NAC","NAC","NAC","Ultisol",NA,"NAC",NA,"113","Neotropics","Aw","Tropical moist forest",1281,"Cifuentes-Jara_2008_abae",NA,NA,NA,"Bonner_2013_amgc",NA,0,"0",NA,NA,"",FALSE,NA,NA
86840,"Chupadero",NA,NA,NA,"NAC","Puntarenas","Costa Rica",9.7761,-84.618,"45",NA,"27.6","NAC","NAC","3000",NA,"","NaN","NaN","NaN"," Ultisol  ",NA,NA,NA,NA,NA,NA,NA,NA,"Cifuentes-Jara_2008_abae",NA,NA,0,"[Cook-Patton database citation, in ForC format]","R script by Valentine Herrmann",NA,NA,NA,NA,NA,TRUE,13923,FALSE
988,"Lapas",NA,NA,"","NAC","Puntarenas","Costa Rica",9.7792,-84.6058,"46",NA,"27.6","NAC","NAC","3500",NA,"NAC","NAC","NAC","NAC","Inceptisol",NA,"NAC",NA,"113","Neotropics","Aw","Tropical moist forest",1282,"Cifuentes-Jara_2008_abae",NA,NA,NA,"Bonner_2013_amgc",NA,0,"0",NA,NA,"",FALSE,NA,NA
87252,"Lapas",NA,NA,NA,"NAC","Puntarenas","Costa Rica",9.7792,-84.6058,"46",NA,"27.6","NAC","NAC","3500",NA,"","NaN","NaN","NaN"," Inceptisol  ",NA,NA,NA,NA,NA,NA,NA,NA,"Cifuentes-Jara_2008_abae",NA,NA,0,"[Cook-Patton database citation, in ForC format]","R script by Valentine Herrmann",NA,NA,NA,NA,NA,TRUE,13924,FALSE
1879,"Valle Azul",NA,NA,"","NAC","Puntarenas","Costa Rica",9.7793,-84.9552,"37",NA,"27.7","NAC","NAC","2208",NA,"NAC","NAC","NAC","NAC","Alfisol",NA,"NAC",NA,"215","Neotropics","Aw","Tropical moist forest",1271,"Cifuentes-Jara_2008_abae",NA,NA,NA,"Bonner_2013_amgc",NA,0,"0",NA,NA,"",FALSE,NA,NA
87665,"Valle Azul",NA,NA,NA,"NAC","Puntarenas","Costa Rica",9.7793,-84.9552,"37",NA,"27.7","NAC","NAC","2208",NA,"","NaN","NaN","NaN"," Alfisol  ",NA,NA,NA,NA,NA,NA,NA,NA,"Cifuentes-Jara_2008_abae",NA,NA,0,"[Cook-Patton database citation, in ForC format]","R script by Valentine Herrmann",NA,NA,NA,NA,NA,TRUE,13913,FALSE
1606,"Santa Teresa",NA,NA,"","NAC","Puntarenas","Costa Rica",9.7855,-84.9498,"51",NA,"27.6","NAC","NAC","2308",NA,"NAC","NAC","NAC","NAC","Alfisol",NA,"NAC",NA,"215","Neotropics","Aw","Tropical moist forest",1278,"Cifuentes-Jara_2008_abae",NA,NA,NA,"Bonner_2013_amgc",NA,0,"0",NA,NA,"",FALSE,NA,NA
88079,"Santa Teresa",NA,NA,NA,"NAC","Puntarenas","Costa Rica",9.7855,-84.9498,"51",NA,"27.6","NAC","NAC","2308",NA,"","NaN","NaN","NaN"," Alfisol  ",NA,NA,NA,NA,NA,NA,NA,NA,"Cifuentes-Jara_2008_abae",NA,NA,0,"[Cook-Patton database citation, in ForC format]","R script by Valentine Herrmann",NA,NA,NA,NA,NA,TRUE,13920,FALSE
511,"Divino",NA,NA,"","NAC","Puntarenas","Costa Rica",9.7876,-84.9392,"43",NA,"27.7","NAC","NAC","2208",NA,"NAC","NAC","NAC","NAC","Alfisol",NA,"NAC",NA,"215","Neotropics","Aw","Tropical moist forest",1273,"Cifuentes-Jara_2008_abae",NA,NA,NA,"Bonner_2013_amgc",NA,0,"0",NA,NA,"",FALSE,NA,NA
88494,"Divino",NA,NA,NA,"NAC","Puntarenas","Costa Rica",9.7876,-84.9392,"43",NA,"27.7","NAC","NAC","2208",NA,"","NaN","NaN","NaN"," Alfisol  ",NA,NA,NA,NA,NA,NA,NA,NA,"Cifuentes-Jara_2008_abae",NA,NA,0,"[Cook-Patton database citation, in ForC format]","R script by Valentine Herrmann",NA,NA,NA,NA,NA,TRUE,13915,FALSE
565,"El Tanque",NA,NA,"","NAC","Puntarenas","Costa Rica",9.7908,-84.9244,"43",NA,"27.7","NAC","NAC","2092",NA,"NAC","NAC","NAC","NAC","Alfisol",NA,"NAC",NA,"215","Neotropics","Aw","Tropical moist forest",1277,"Cifuentes-Jara_2008_abae",NA,NA,NA,"Bonner_2013_amgc",NA,0,"0",NA,NA,"",FALSE,NA,NA
88910,"El Tanque",NA,NA,NA,"NAC","Puntarenas","Costa Rica",9.7908,-84.9244,"43",NA,"27.7","NAC","NAC","2092",NA,"","NaN","NaN","NaN"," Alfisol  ",NA,NA,NA,NA,NA,NA,NA,NA,"Cifuentes-Jara_2008_abae",NA,NA,0,"[Cook-Patton database citation, in ForC format]","R script by Valentine Herrmann",NA,NA,NA,NA,NA,TRUE,13919,FALSE
1507,"Quesera",NA,NA,"","NAC","Puntarenas","Costa Rica",9.8019,-84.9051,"30",NA,"27.7","NAC","NAC","2042",NA,"NAC","NAC","NAC","NAC","Alfisol",NA,"NAC",NA,"215","Neotropics","Aw","Tropical moist forest",1275,"Cifuentes-Jara_2008_abae",NA,NA,NA,"Bonner_2013_amgc",NA,0,"0",NA,NA,"",FALSE,NA,NA
89327,"Quesera",NA,NA,NA,"NAC","Puntarenas","Costa Rica",9.8019,-84.9051,"30",NA,"27.7","NAC","NAC","2042",NA,"","NaN","NaN","NaN"," Alfisol  ",NA,NA,NA,NA,NA,NA,NA,NA,"Cifuentes-Jara_2008_abae",NA,NA,0,"[Cook-Patton database citation, in ForC format]","R script by Valentine Herrmann",NA,NA,NA,NA,NA,TRUE,13917,FALSE
535,"Dubya",NA,NA,"","NAC","San Jose","Costa Rica",9.8397,-84.5478,"168",NA,"26.9","NAC","NAC","2925",NA,"NAC","NAC","NAC","NAC","Alfisol",NA,"NAC",NA,"113","Neotropics","Aw","Tropical moist forest",1276,"Cifuentes-Jara_2008_abae",NA,NA,NA,"Bonner_2013_amgc",NA,0,"0",NA,NA,"",FALSE,NA,NA
89745,"Dubya",NA,NA,NA,"NAC","San Jose","Costa Rica",9.8397,-84.5478,"168",NA,"26.9","NAC","NAC","2925",NA,"","NaN","NaN","NaN"," Alfisol  ",NA,NA,NA,NA,NA,NA,NA,NA,"Cifuentes-Jara_2008_abae",NA,NA,0,"[Cook-Patton database citation, in ForC format]","R script by Valentine Herrmann",NA,NA,NA,NA,NA,TRUE,13918,FALSE
399,"Chonco",NA,NA,"","NAC","San Jose","Costa Rica",9.8401,-84.5403,"53",NA,"27.6","NAC","NAC","2900",NA,"NAC","NAC","NAC","NAC","Alfisol",NA,"NAC",NA,"113","Neotropics","Aw","Tropical moist forest",1279,"Cifuentes-Jara_2008_abae",NA,NA,NA,"Bonner_2013_amgc",NA,0,"0",NA,NA,"",FALSE,NA,NA
90164,"Chonco",NA,NA,NA,"NAC","San Jose","Costa Rica",9.8401,-84.5403,"53",NA,"27.6","NAC","NAC","2900",NA,"","NaN","NaN","NaN"," Alfisol  ",NA,NA,NA,NA,NA,NA,NA,NA,"Cifuentes-Jara_2008_abae",NA,NA,0,"[Cook-Patton database citation, in ForC format]","R script by Valentine Herrmann",NA,NA,NA,NA,NA,TRUE,13921,FALSE
288,"Caballos",NA,NA,"","NAC","San Jose","Costa Rica",9.8446,-84.5281,"132",NA,"27.1","NAC","NAC","2900",NA,"NAC","NAC","NAC","NAC","Alfisol",NA,"NAC",NA,"113","Neotropics","Am","Tropical moist forest",1272,"Cifuentes-Jara_2008_abae",NA,NA,NA,"Bonner_2013_amgc",NA,0,"0",NA,NA,"",FALSE,NA,NA
90584,"Caballos",NA,NA,NA,"NAC","San Jose","Costa Rica",9.8446,-84.5281,"132",NA,"27.1","NAC","NAC","2900",NA,"","NaN","NaN","NaN"," Alfisol  ",NA,NA,NA,NA,NA,NA,NA,NA,"Cifuentes-Jara_2008_abae",NA,NA,0,"[Cook-Patton database citation, in ForC format]","R script by Valentine Herrmann",NA,NA,NA,NA,NA,TRUE,13914,FALSE
774,"Iguana",NA,NA,"","NAC","San Jose","Costa Rica",9.8451,-84.5292,"160",NA,"26.9","NAC","NAC","2900",NA,"NAC","NAC","NAC","NAC","Alfisol",NA,"NAC",NA,"113","Neotropics","Am","Tropical moist forest",1274,"Cifuentes-Jara_2008_abae",NA,NA,NA,"Bonner_2013_amgc",NA,0,"0",NA,NA,"",FALSE,NA,NA
91005,"Iguana",NA,NA,NA,"NAC","San Jose","Costa Rica",9.8451,-84.5292,"160",NA,"26.9","NAC","NAC","2900",NA,"","NaN","NaN","NaN"," Alfisol  ",NA,NA,NA,NA,NA,NA,NA,NA,"Cifuentes-Jara_2008_abae",NA,NA,0,"[Cook-Patton database citation, in ForC format]","R script by Valentine Herrmann",NA,NA,NA,NA,NA,TRUE,13916,FALSE
534,"Downey",NA,NA,"","NAC","San Jose","Costa Rica",9.8586,-84.5241,"120",NA,"27.2","NAC","NAC","2700",NA,"NAC","NAC","NAC","NAC","Alfisol",NA,"NAC",NA,"113","Neotropics","Am","Tropical moist forest",1270,"Cifuentes-Jara_2008_abae",NA,NA,NA,"Bonner_2013_amgc",NA,0,"0",NA,NA,"",FALSE,NA,NA
91427,"Downey",NA,NA,NA,"NAC","San Jose","Costa Rica",9.8586,-84.5241,"120",NA,"27.2","NAC","NAC","2700",NA,"","NaN","NaN","NaN"," Alfisol  ",NA,NA,NA,NA,NA,NA,NA,NA,"Cifuentes-Jara_2008_abae",NA,NA,0,"[Cook-Patton database citation, in ForC format]","R script by Valentine Herrmann",NA,NA,NA,NA,NA,TRUE,13912,FALSE
949,"Kraven S.A.",NA,NA,"","NAC","Heredia","Costa Rica",10.2652,-84.1565,"1047",NA,"19.8","NAC","NAC","4902",NA,"NAC","NAC","NAC","NAC","Ultisol",NA,"NAC",NA,"1","Neotropics","Am","Tropical rainforest",1313,"Cifuentes-Jara_2008_abae",NA,NA,NA,"Bonner_2013_amgc",NA,0,"0",NA,NA,"",FALSE,NA,NA
91850,"Kraven S.A.",NA,NA,NA,"NAC","Heredia","Costa Rica",10.2652,-84.1565,"1047",NA,"19.8","NAC","NAC","4902",NA,"","NaN","NaN","NaN"," Ultisol  ",NA,NA,NA,NA,NA,NA,NA,NA,"Cifuentes-Jara_2008_abae",NA,NA,0,"[Cook-Patton database citation, in ForC format]","R script by Valentine Herrmann",NA,NA,NA,NA,NA,TRUE,13955,FALSE
1897,"Volcan",NA,NA,"","NAC","Heredia","Costa Rica",10.2811,-84.1483,"937",NA,"20.4","NAC","NAC","5042",NA,"NAC","NAC","NAC","NAC","Ultisol",NA,"NAC",NA,"1","Neotropics","Am","Tropical rainforest",1304,"Cifuentes-Jara_2008_abae",NA,NA,NA,"Bonner_2013_amgc",NA,0,"0",NA,NA,"",FALSE,NA,NA
92274,"Volcan",NA,NA,NA,"NAC","Heredia","Costa Rica",10.2811,-84.1483,"937",NA,"20.4","NAC","NAC","5042",NA,"","NaN","NaN","NaN"," Ultisol  ",NA,NA,NA,NA,NA,NA,NA,NA,"Cifuentes-Jara_2008_abae",NA,NA,0,"[Cook-Patton database citation, in ForC format]","R script by Valentine Herrmann",NA,NA,NA,NA,NA,TRUE,13946,FALSE
1895,"Virgen Maria",NA,NA,"","NAC","Heredia","Costa Rica",10.2822,-84.1502,"992",NA,"20.1","NAC","NAC","5002",NA,"NAC","NAC","NAC","NAC","Entisol",NA,"NAC",NA,"1","Neotropics","Am","Tropical rainforest",1305,"Cifuentes-Jara_2008_abae",NA,NA,NA,"Bonner_2013_amgc",NA,0,"0",NA,NA,"",FALSE,NA,NA
92699,"Virgen Maria",NA,NA,NA,"NAC","Heredia","Costa Rica",10.2822,-84.1502,"992",NA,"20.1","NAC","NAC","5002",NA,"","NaN","NaN","NaN"," Entisol  ",NA,NA,NA,NA,NA,NA,NA,NA,"Cifuentes-Jara_2008_abae",NA,NA,0,"[Cook-Patton database citation, in ForC format]","R script by Valentine Herrmann",NA,NA,NA,NA,NA,TRUE,13947,FALSE
746,"Hondura",NA,NA,"","NAC","Alajuela","Costa Rica",10.2844,-84.1757,"863",NA,"20.8","NAC","NAC","5002",NA,"NAC","NAC","NAC","NAC","Entisol",NA,"NAC",NA,"1","Neotropics","Am","Tropical rainforest",1311,"Cifuentes-Jara_2008_abae",NA,NA,NA,"Bonner_2013_amgc",NA,0,"0",NA,NA,"",FALSE,NA,NA
93125,"Hondura",NA,NA,NA,"NAC","Alajuela","Costa Rica",10.2844,-84.1757,"863",NA,"20.8","NAC","NAC","5002",NA,"","NaN","NaN","NaN"," Entisol  ",NA,NA,NA,NA,NA,NA,NA,NA,"Cifuentes-Jara_2008_abae",NA,NA,0,"[Cook-Patton database citation, in ForC format]","R script by Valentine Herrmann",NA,NA,NA,NA,NA,TRUE,13953,FALSE
1258,"Milpa",NA,NA,"","NAC","Alajuela","Costa Rica",10.2865,-84.1761,"937",NA,"20.4","NAC","NAC","5002",NA,"NAC","NAC","NAC","NAC","Entisol",NA,"NAC",NA,"1","Neotropics","Am","Tropical rainforest",1308,"Cifuentes-Jara_2008_abae","",NA,NA,"Bonner_2013_amgc",NA,0,"0",NA,NA,"",FALSE,NA,NA
93552,"Milpa",NA,NA,NA,"NAC","Alajuela","Costa Rica",10.2865,-84.1761,"937",NA,"20.4","NAC","NAC","5002",NA,"","NaN","NaN","NaN"," Entisol  ",NA,NA,NA,NA,NA,NA,NA,NA,"Cifuentes-Jara_2008_abae",NA,NA,0,"[Cook-Patton database citation, in ForC format]","R script by Valentine Herrmann",NA,NA,NA,NA,NA,TRUE,13950,FALSE
419,"Cornelio",NA,NA,"","NAC","Alajuela","Costa Rica",10.297,-84.7515,"1044",NA,"21.1","NAC","NAC","5500",NA,"NAC","NAC","NAC","NAC","Andisol",NA,"NAC",NA,"32","Neotropics","Aw","Tropical rainforest",1307,"Cifuentes-Jara_2008_abae",NA,NA,NA,"Bonner_2013_amgc",NA,0,"0",NA,NA,"",FALSE,NA,NA
93980,"Cornelio",NA,NA,NA,"NAC","Alajuela","Costa Rica",10.297,-84.7515,"1044",NA,"21.1","NAC","NAC","5500",NA,"","NaN","NaN","NaN"," Andisol  ",NA,NA,NA,NA,NA,NA,NA,NA,"Cifuentes-Jara_2008_abae",NA,NA,0,"[Cook-Patton database citation, in ForC format]","R script by Valentine Herrmann",NA,NA,NA,NA,NA,TRUE,13949,FALSE
533,"Dos Ases",NA,NA,"","NAC","Alajuela","Costa Rica",10.2975,-84.7621,"1150",NA,"20.4","NAC","NAC","5400",NA,"NAC","NAC","NAC","NAC","Andisol",NA,"NAC",NA,"32","Neotropics","Aw","Tropical rainforest",1309,"Cifuentes-Jara_2008_abae",NA,NA,NA,"Bonner_2013_amgc",NA,0,"0",NA,NA,"",FALSE,NA,NA
94409,"Dos Ases",NA,NA,NA,"NAC","Alajuela","Costa Rica",10.2975,-84.7621,"1150",NA,"20.4","NAC","NAC","5400",NA,"","NaN","NaN","NaN"," Andisol  ",NA,NA,NA,NA,NA,NA,NA,NA,"Cifuentes-Jara_2008_abae",NA,NA,0,"[Cook-Patton database citation, in ForC format]","R script by Valentine Herrmann",NA,NA,NA,NA,NA,TRUE,13951,FALSE
1886,"Vargas",NA,NA,"","NAC","Alajuela","Costa Rica",10.2981,-84.7684,"1220",NA,"20","NAC","NAC","5300",NA,"NAC","NAC","NAC","NAC","Andisol",NA,"NAC",NA,"32","Neotropics","Aw","Tropical mountain system",1312,"Cifuentes-Jara_2008_abae",NA,NA,NA,"Bonner_2013_amgc",NA,0,"0",NA,NA,"",FALSE,NA,NA
94839,"Vargas",NA,NA,NA,"NAC","Alajuela","Costa Rica",10.2981,-84.7684,"1220",NA,"20","NAC","NAC","5300",NA,"","NaN","NaN","NaN"," Andisol  ",NA,NA,NA,NA,NA,NA,NA,NA,"Cifuentes-Jara_2008_abae",NA,NA,0,"[Cook-Patton database citation, in ForC format]","R script by Valentine Herrmann",NA,NA,NA,NA,NA,TRUE,13954,FALSE
295,"Cambronero",NA,NA,"","NAC","Alajuela","Costa Rica",10.2989,-84.7665,"1200",NA,"20.1","NAC","NAC","5300",NA,"NAC","NAC","NAC","NAC","Andisol",NA,"NAC",NA,"32","Neotropics","Aw","Tropical mountain system",1310,"Cifuentes-Jara_2008_abae",NA,NA,NA,"Bonner_2013_amgc",NA,0,"0",NA,NA,"",FALSE,NA,NA
95270,"Cambronero",NA,NA,NA,"NAC","Alajuela","Costa Rica",10.2989,-84.7665,"1200",NA,"20.1","NAC","NAC","5300",NA,"","NaN","NaN","NaN"," Andisol  ",NA,NA,NA,NA,NA,NA,NA,NA,"Cifuentes-Jara_2008_abae",NA,NA,0,"[Cook-Patton database citation, in ForC format]","R script by Valentine Herrmann",NA,NA,NA,NA,NA,TRUE,13952,FALSE
50,"Aleman",NA,NA,"","NAC","Alajuela","Costa Rica",10.3019,-84.7408,"962",NA,"21.6","NAC","NAC","5800",NA,"NAC","NAC","NAC","NAC","Andisol",NA,"NAC",NA,"32","Neotropics","Aw","Tropical rainforest",1306,"Cifuentes-Jara_2008_abae",NA,NA,NA,"Bonner_2013_amgc",NA,0,"0",NA,NA,"",FALSE,NA,NA
95702,"Aleman",NA,NA,NA,"NAC","Alajuela","Costa Rica",10.3019,-84.7408,"962",NA,"21.6","NAC","NAC","5800",NA,"","NaN","NaN","NaN","Andisol  ",NA,NA,NA,NA,NA,NA,NA,NA,"Cifuentes-Jara_2008_abae",NA,NA,0,"[Cook-Patton database citation, in ForC format]","R script by Valentine Herrmann",NA,NA,NA,NA,NA,TRUE,13948,FALSE
1,"4 Rios",NA,NA,NA,"NAC","Heredia","Costa Rica",10.3888,-84.1327,"248",NA,"24.2","NAC","NAC","3967",NA,"NAC","NAC","NAC","NAC","Inceptisol",NA,"NAC",NA,"1","Neotropics","Am","Tropical rainforest",1301,"Cifuentes-Jara_2008_abae",NA,NA,NA,"Bonner_2013_amgc",NA,1,"1","1",NA,"",FALSE,NA,NA
96135,"4 Rios",NA,NA,NA,"NAC","Heredia","Costa Rica",10.3888,-84.1327,"248",NA,"24.2","NAC","NAC","3967",NA,"","NaN","NaN","NaN"," Inceptisol  ",NA,NA,NA,NA,NA,NA,NA,NA,"Cifuentes-Jara_2008_abae",NA,NA,0,"[Cook-Patton database citation, in ForC format]","R script by Valentine Herrmann",NA,NA,NA,NA,NA,TRUE,13943,FALSE
324,"Cascada",NA,NA,NA,"NAC","Heredia","Costa Rica",10.3948,-83.9868,"92",NA,"25.1","NAC","NAC","3900",NA,"NAC","NAC","NAC","NAC","Inceptisol",NA,"NAC",NA,"1","Neotropics","Af","Tropical rainforest",1290,"Cifuentes-Jara_2008_abae",NA,NA,NA,"Bonner_2013_amgc",NA,1,"1","1",NA,"",FALSE,NA,NA
96569,"Cascada",NA,NA,NA,"NAC","Heredia","Costa Rica",10.3948,-83.9868,"92",NA,"25.1","NAC","NAC","3900",NA,"","NaN","NaN","NaN"," Inceptisol  ",NA,NA,NA,NA,NA,NA,NA,NA,"Cifuentes-Jara_2008_abae",NA,NA,0,"[Cook-Patton database citation, in ForC format]","R script by Valentine Herrmann",NA,NA,NA,NA,NA,TRUE,13932,FALSE
1829,"Tirimbina",NA,NA,NA,"NAC","Heredia","Costa Rica",10.4025,-84.1125,"261",NA,"24.1","NAC","NAC","4017",NA,"NAC","NAC","NAC","NAC","Ultisol",NA,"NAC",NA,"1","Neotropics","Am","Tropical rainforest",1298,"Cifuentes-Jara_2008_abae",NA,NA,NA,"Bonner_2013_amgc",NA,1,"1","1",NA,"",FALSE,NA,NA
97004,"Tirimbina",NA,NA,NA,"NAC","Heredia","Costa Rica",10.4025,-84.1125,"261",NA,"24.1","NAC","NAC","4017",NA,"","NaN","NaN","NaN"," Ultisol  ",NA,NA,NA,NA,NA,NA,NA,NA,"Cifuentes-Jara_2008_abae",NA,NA,0,"[Cook-Patton database citation, in ForC format]","R script by Valentine Herrmann",NA,NA,NA,NA,NA,TRUE,13940,FALSE
1558,"Sabalo",NA,NA,NA,"NAC","Heredia","Costa Rica",10.4165,-84.0029,"74",NA,"25.2","NAC","NAC","3892",NA,"NAC","NAC","NAC","NAC","Inceptisol",NA,"NAC",NA,"1","Neotropics","Am","Tropical rainforest",1291,"Cifuentes-Jara_2008_abae",NA,NA,NA,"Bonner_2013_amgc",NA,1,"1","1",NA,"",FALSE,NA,NA
97440,"Sabalo",NA,NA,NA,"NAC","Heredia","Costa Rica",10.4165,-84.0029,"74",NA,"25.2","NAC","NAC","3892",NA,"","NaN","NaN","NaN"," Inceptisol  ",NA,NA,NA,NA,NA,NA,NA,NA,"Cifuentes-Jara_2008_abae",NA,NA,0,"[Cook-Patton database citation, in ForC format]","R script by Valentine Herrmann",NA,NA,NA,NA,NA,TRUE,13933,FALSE
1673,"SHO 750",NA,NA,NA,"NAC","Heredia","Costa Rica",10.417,-84.0036,"70",NA,"25.2","NAC","NAC","3892",NA,"NAC","NAC","NAC","NAC","Inceptisol",NA,"NAC",NA,"1","Neotropics","Am","Tropical rainforest",1292,"Cifuentes-Jara_2008_abae",NA,NA,NA,"Bonner_2013_amgc",NA,1,"1","1",NA,"",FALSE,NA,NA
97877,"SHO 750",NA,NA,NA,"NAC","Heredia","Costa Rica",10.417,-84.0036,"70",NA,"25.2","NAC","NAC","3892",NA,"","NaN","NaN","NaN"," Inceptisol  ",NA,NA,NA,NA,NA,NA,NA,NA,"Cifuentes-Jara_2008_abae",NA,NA,0,"[Cook-Patton database citation, in ForC format]","R script by Valentine Herrmann",NA,NA,NA,NA,NA,TRUE,13934,FALSE
311,"Cano",NA,NA,NA,"NAC","Heredia","Costa Rica",10.4214,-84.1618,"224",NA,"24.3","NAC","NAC","3900",NA,"NAC","NAC","NAC","NAC","Inceptisol",NA,"NAC",NA,"1","Neotropics","Am","Tropical rainforest",1285,"Cifuentes-Jara_2008_abae",NA,NA,NA,"Bonner_2013_amgc",NA,1,"1","1",NA,"",FALSE,NA,NA
98315,"Cano",NA,NA,NA,"NAC","Heredia","Costa Rica",10.4214,-84.1618,"224",NA,"24.3","NAC","NAC","3900",NA,"","NaN","NaN","NaN"," Inceptisol  ",NA,NA,NA,NA,NA,NA,NA,NA,"Cifuentes-Jara_2008_abae",NA,NA,0,"[Cook-Patton database citation, in ForC format]","R script by Valentine Herrmann",NA,NA,NA,NA,NA,TRUE,13927,FALSE
431,"Culebra",NA,NA,NA,"NAC","Heredia","Costa Rica",10.4248,-84.0965,"158",NA,"24.7","NAC","NAC","3942",NA,"NAC","NAC","NAC","NAC","Ultisol",NA,"NAC",NA,"1","Neotropics","Am","Tropical rainforest",1295,"Cifuentes-Jara_2008_abae",NA,NA,NA,"Bonner_2013_amgc",NA,1,"1","1",NA,"",FALSE,NA,NA
98754,"Culebra",NA,NA,NA,"NAC","Heredia","Costa Rica",10.4248,-84.0965,"158",NA,"24.7","NAC","NAC","3942",NA,"","NaN","NaN","NaN"," Ultisol  ",NA,NA,NA,NA,NA,NA,NA,NA,"Cifuentes-Jara_2008_abae",NA,NA,0,"[Cook-Patton database citation, in ForC format]","R script by Valentine Herrmann",NA,NA,NA,NA,NA,TRUE,13937,FALSE
1792,"Terciopelo",NA,NA,NA,"NAC","Heredia","Costa Rica",10.427,-84.095,"140",NA,"24.8","NAC","NAC","3942",NA,"NAC","NAC","NAC","NAC","Ultisol",NA,"NAC",NA,"1","Neotropics","Am","Tropical rainforest",1293,"Cifuentes-Jara_2008_abae",NA,NA,NA,"Bonner_2013_amgc",NA,1,"1","1",NA,"",FALSE,NA,NA
99194,"Terciopelo",NA,NA,NA,"NAC","Heredia","Costa Rica",10.427,-84.095,"140",NA,"24.8","NAC","NAC","3942",NA,"","NaN","NaN","NaN"," Ultisol  ",NA,NA,NA,NA,NA,NA,NA,NA,"Cifuentes-Jara_2008_abae",NA,NA,0,"[Cook-Patton database citation, in ForC format]","R script by Valentine Herrmann",NA,NA,NA,NA,NA,TRUE,13935,FALSE
1426,"Pao",NA,NA,NA,"NAC","Heredia","Costa Rica",10.431,-84.0157,"65",NA,"25.2","NAC","NAC","3892",NA,"NAC","NAC","NAC","NAC","Inceptisol",NA,"NAC",NA,"1","Neotropics","Am","Tropical rainforest",1289,"Cifuentes-Jara_2008_abae",NA,NA,NA,"Bonner_2013_amgc",NA,1,"1","1",NA,"",FALSE,NA,NA
99635,"Pao",NA,NA,NA,"NAC","Heredia","Costa Rica",10.431,-84.0157,"65",NA,"25.2","NAC","NAC","3892",NA,"","NaN","NaN","NaN"," Inceptisol  ",NA,NA,NA,NA,NA,NA,NA,NA,"Cifuentes-Jara_2008_abae",NA,NA,0,"[Cook-Patton database citation, in ForC format]","R script by Valentine Herrmann",NA,NA,NA,NA,NA,TRUE,13931,FALSE
1642,"SAT 900",NA,NA,NA,"NAC","Heredia","Costa Rica",10.4315,-84.0205,"74",NA,"25.2","NAC","NAC","3892",NA,"NAC","NAC","NAC","NAC","Inceptisol",NA,"NAC",NA,"1","Neotropics","Am","Tropical rainforest",1286,"Cifuentes-Jara_2008_abae",NA,NA,NA,"Bonner_2013_amgc",NA,1,"1","1",NA,"",FALSE,NA,NA
100077,"SAT 900",NA,NA,NA,"NAC","Heredia","Costa Rica",10.4315,-84.0205,"74",NA,"25.2","NAC","NAC","3892",NA,"","NaN","NaN","NaN"," Inceptisol  ",NA,NA,NA,NA,NA,NA,NA,NA,"Cifuentes-Jara_2008_abae",NA,NA,0,"[Cook-Patton database citation, in ForC format]","R script by Valentine Herrmann",NA,NA,NA,NA,NA,TRUE,13928,FALSE
1641,"SAT 1000",NA,NA,NA,"NAC","Heredia","Costa Rica",10.4319,-84.0218,"76",NA,"25.1","NAC","NAC","3892",NA,"NAC","NAC","NAC","NAC","Inceptisol",NA,"NAC",NA,"1","Neotropics","Am","Tropical rainforest",1288,"Cifuentes-Jara_2008_abae",NA,NA,NA,"Bonner_2013_amgc",NA,1,"1","1",NA,"",FALSE,NA,NA
100520,"SAT 1000",NA,NA,NA,"NAC","Heredia","Costa Rica",10.4319,-84.0218,"76",NA,"25.1","NAC","NAC","3892",NA,"","NaN","NaN","NaN"," Inceptisol  ",NA,NA,NA,NA,NA,NA,NA,NA,"Cifuentes-Jara_2008_abae",NA,NA,0,"[Cook-Patton database citation, in ForC format]","R script by Valentine Herrmann",NA,NA,NA,NA,NA,TRUE,13930,FALSE
528,"Don Juan",NA,NA,NA,"NAC","Heredia","Costa Rica",10.4553,-84.0665,"143",NA,"24.8","NAC","NAC","3967",NA,"NAC","NAC","NAC","NAC","Ultisol",NA,"NAC",NA,"1","Neotropics","Am","Tropical rainforest",1297,"Cifuentes-Jara_2008_abae",NA,NA,NA,"Bonner_2013_amgc",NA,1,"1","1",NA,"",FALSE,NA,NA
100964,"Don Juan",NA,NA,NA,"NAC","Heredia","Costa Rica",10.4553,-84.0665,"143",NA,"24.8","NAC","NAC","3967",NA,"","NaN","NaN","NaN"," Ultisol  ",NA,NA,NA,NA,NA,NA,NA,NA,"Cifuentes-Jara_2008_abae",NA,NA,0,"[Cook-Patton database citation, in ForC format]","R script by Valentine Herrmann",NA,NA,NA,NA,NA,TRUE,13939,FALSE
413,"Con Permiso",NA,NA,NA,"NAC","Alajuela","Costa Rica",10.4556,-84.1763,"141",NA,"24.8","NAC","NAC","3800",NA,"NAC","NAC","NAC","NAC","Inceptisol",NA,"NAC",NA,"1","Neotropics","Am","Tropical rainforest",1287,"Cifuentes-Jara_2008_abae",NA,NA,NA,"Bonner_2013_amgc",NA,1,"1","1",NA,"",FALSE,NA,NA
101409,"Con Permiso",NA,NA,NA,"NAC","Alajuela","Costa Rica",10.4556,-84.1763,"141",NA,"24.8","NAC","NAC","3800",NA,"","NaN","NaN","NaN"," Inceptisol  ",NA,NA,NA,NA,NA,NA,NA,NA,"Cifuentes-Jara_2008_abae",NA,NA,0,"[Cook-Patton database citation, in ForC format]","R script by Valentine Herrmann",NA,NA,NA,NA,NA,TRUE,13929,FALSE
1481,"Pumilio",NA,NA,"","NAC","Heredia","Costa Rica",10.506,-84.0561,"79",NA,"25.1","NAC","NAC","4017",NA,"NAC","NAC","NAC","NAC","Inceptisol",NA,"NAC",NA,"1","Neotropics","Am","Tropical rainforest",1300,"Cifuentes-Jara_2008_abae",NA,NA,NA,"Bonner_2013_amgc",NA,0,"0",NA,NA,"",FALSE,NA,NA
101855,"Pumilio",NA,NA,NA,"NAC","Heredia","Costa Rica",10.506,-84.0561,"79",NA,"25.1","NAC","NAC","4017",NA,"","NaN","NaN","NaN"," Inceptisol  ",NA,NA,NA,NA,NA,NA,NA,NA,"Cifuentes-Jara_2008_abae",NA,NA,0,"[Cook-Patton database citation, in ForC format]","R script by Valentine Herrmann",NA,NA,NA,NA,NA,TRUE,13942,FALSE
1310,"Naranjo",NA,NA,"","NAC","Guanacaste","Costa Rica",10.7992,-85.6485,"23",NA,"27.6","NAC","NAC","1630",NA,"NAC","NAC","NAC","NAC","Entisol",NA,"NAC",NA,"69","Neotropics","Aw","Tropical moist forest",1267,"Cifuentes-Jara_2008_abae",NA,NA,NA,"Bonner_2013_amgc",NA,34,"7","NAC",NA,"",FALSE,NA,NA
102302,"Naranjo",NA,NA,NA,"NAC","Guanacaste","Costa Rica",10.7992,-85.6485,"23",NA,"27.6","NAC","NAC","1630",NA,"","NaN","NaN","NaN"," Entisol  ",NA,NA,NA,NA,NA,NA,NA,NA,"Cifuentes-Jara_2008_abae",NA,NA,0,"[Cook-Patton database citation, in ForC format]","R script by Valentine Herrmann",NA,NA,NA,NA,NA,TRUE,13909,FALSE
486,"Deep Throat",NA,NA,"","NAC","Guanacaste","Costa Rica",10.8266,-85.6134,"288",NA,"25.9","NAC","NAC","1513",NA,"NAC","NAC","NAC","NAC","Entisol",NA,"NAC",NA,"69","Neotropics","Aw","Tropical moist forest",1264,"Cifuentes-Jara_2008_abae",NA,NA,NA,"Bonner_2013_amgc",NA,34,"3","NAC",NA,"",FALSE,NA,NA
102750,"Deep Throat",NA,NA,NA,"NAC","Guanacaste","Costa Rica",10.8266,-85.6134,"288",NA,"25.9","NAC","NAC","1513",NA,"","NaN","NaN","NaN"," Entisol  ",NA,NA,NA,NA,NA,NA,NA,NA,"Cifuentes-Jara_2008_abae",NA,NA,0,"[Cook-Patton database citation, in ForC format]","R script by Valentine Herrmann",NA,NA,NA,NA,NA,TRUE,13906,FALSE
562,"El Pozo",NA,NA,"","NAC","Guanacaste","Costa Rica",10.8375,-85.6147,"340",NA,"25.6","NAC","NAC","1556",NA,"NAC","NAC","NAC","NAC","Entisol",NA,"NAC",NA,"69","Neotropics","Aw","Tropical moist forest",1269,"Cifuentes-Jara_2008_abae",NA,NA,NA,"Bonner_2013_amgc",NA,34,"4","NAC",NA,"",FALSE,NA,NA
103199,"El Pozo",NA,NA,NA,"NAC","Guanacaste","Costa Rica",10.8375,-85.6147,"340",NA,"25.6","NAC","NAC","1556",NA,"","NaN","NaN","NaN"," Entisol  ",NA,NA,NA,NA,NA,NA,NA,NA,"Cifuentes-Jara_2008_abae",NA,NA,0,"[Cook-Patton database citation, in ForC format]","R script by Valentine Herrmann",NA,NA,NA,NA,NA,TRUE,13911,FALSE
286,"Buen Uso",NA,NA,"","NAC","Guanacaste","Costa Rica",10.8393,-85.6152,"321",NA,"25.7","NAC","NAC","1556",NA,"NAC","NAC","NAC","NAC","Entisol",NA,"NAC",NA,"69","Neotropics","Aw","Tropical moist forest",1268,"Cifuentes-Jara_2008_abae",NA,NA,NA,"Bonner_2013_amgc",NA,34,"2","NAC",NA,"",FALSE,NA,NA
103649,"Buen Uso",NA,NA,NA,"NAC","Guanacaste","Costa Rica",10.8393,-85.6152,"321",NA,"25.7","NAC","NAC","1556",NA,"","NaN","NaN","NaN"," Entisol  ",NA,NA,NA,NA,NA,NA,NA,NA,"Cifuentes-Jara_2008_abae",NA,NA,0,"[Cook-Patton database citation, in ForC format]","R script by Valentine Herrmann",NA,NA,NA,NA,NA,TRUE,13910,FALSE
1159,"Mal Uso",NA,NA,"","NAC","Guanacaste","Costa Rica",10.847,-85.6143,"307",NA,"25.8","NAC","NAC","1530",NA,"NAC","NAC","NAC","NAC","Entisol",NA,"NAC",NA,"69","Neotropics","Aw","Tropical moist forest",1263,"Cifuentes-Jara_2008_abae",NA,NA,NA,"Bonner_2013_amgc",NA,34,"6","NAC",NA,"",FALSE,NA,NA
104100,"Mal Uso",NA,NA,NA,"NAC","Guanacaste","Costa Rica",10.847,-85.6143,"307",NA,"25.8","NAC","NAC","1530",NA,"","NaN","NaN","NaN"," Entisol  ",NA,NA,NA,NA,NA,NA,NA,NA,"Cifuentes-Jara_2008_abae",NA,NA,0,"[Cook-Patton database citation, in ForC format]","R script by Valentine Herrmann",NA,NA,NA,NA,NA,TRUE,13904,FALSE
1478,"Principe",NA,NA,"","NAC","Guanacaste","Costa Rica",10.8533,-85.6081,"273",NA,"26","NAC","NAC","1563",NA,"NAC","NAC","NAC","NAC","Entisol",NA,"NAC",NA,"69","Neotropics","Aw","Tropical dry forest",1266,"Cifuentes-Jara_2008_abae",NA,NA,NA,"Bonner_2013_amgc",NA,34,"10","NAC",NA,"",FALSE,NA,NA
104552,"Principe",NA,NA,NA,"NAC","Guanacaste","Costa Rica",10.8533,-85.6081,"273",NA,"26","NAC","NAC","1563",NA,"","NaN","NaN","NaN"," Entisol  ",NA,NA,NA,NA,NA,NA,NA,NA,"Cifuentes-Jara_2008_abae",NA,NA,0,"[Cook-Patton database citation, in ForC format]","R script by Valentine Herrmann",NA,NA,NA,NA,NA,TRUE,13908,FALSE
602,"Firebreaks",NA,NA,"","NAC","Guanacaste","Costa Rica",10.8705,-85.5946,"148",NA,"26.8","NAC","NAC","1573",NA,"NAC","NAC","NAC","NAC","Entisol",NA,"NAC",NA,"69","Neotropics","Aw","Tropical dry forest",1265,"Cifuentes-Jara_2008_abae",NA,NA,NA,"Bonner_2013_amgc",NA,34,"5","NAC",NA,"",FALSE,NA,NA
105005,"Firebreaks",NA,NA,NA,"NAC","Guanacaste","Costa Rica",10.8705,-85.5946,"148",NA,"26.8","NAC","NAC","1573",NA,"","NaN","NaN","NaN"," Entisol  ",NA,NA,NA,NA,NA,NA,NA,NA,"Cifuentes-Jara_2008_abae",NA,NA,0,"[Cook-Patton database citation, in ForC format]","R script by Valentine Herrmann",NA,NA,NA,NA,NA,TRUE,13907,FALSE
1452,"Pitahaya",NA,NA,"","NAC","Guanacaste","Costa Rica",10.8732,-85.5788,"243",NA,"26.2","NAC","NAC","1613",NA,"NAC","NAC","NAC","NAC","Entisol",NA,"NAC",NA,"69","Neotropics","Aw","Tropical dry forest",1260,"Cifuentes-Jara_2008_abae",NA,NA,NA,"Bonner_2013_amgc",NA,34,"8","NAC",NA,"",FALSE,NA,NA
105459,"Pitahaya",NA,NA,NA,"NAC","Guanacaste","Costa Rica",10.8732,-85.5788,"243",NA,"26.2","NAC","NAC","1613",NA,"","NaN","NaN","NaN"," Entisol  ",NA,NA,NA,NA,NA,NA,NA,NA,"Cifuentes-Jara_2008_abae",NA,NA,0,"[Cook-Patton database citation, in ForC format]","R script by Valentine Herrmann",NA,NA,NA,NA,NA,TRUE,13901,FALSE
160,"Bebedero",NA,NA,"","NAC","Guanacaste","Costa Rica",10.8883,-85.6,"280",NA,"25.9","NAC","NAC","1613",NA,"NAC","NAC","NAC","NAC","Entisol",NA,"NAC",NA,"69","Neotropics","Aw","Tropical dry forest",1261,"Cifuentes-Jara_2008_abae",NA,NA,NA,"Bonner_2013_amgc",NA,34,"1","NAC",NA,"",FALSE,NA,NA
106370,"Bebedero",NA,NA,NA,"NAC","Guanacaste","Costa Rica",10.8883,-85.6,"280",NA,"25.9","NAC","NAC","1613",NA,"","NaN","NaN","NaN"," Entisol  ",NA,NA,NA,NA,NA,NA,NA,NA,"Cifuentes-Jara_2008_abae",NA,NA,0,"[Cook-Patton database citation, in ForC format]","R script by Valentine Herrmann",NA,NA,NA,NA,NA,TRUE,13902,FALSE
1453,"Pocosol",NA,NA,"","NAC","Guanacaste","Costa Rica",10.8889,-85.6004,"278",NA,"25.9","NAC","NAC","1613",NA,"NAC","NAC","NAC","NAC","Entisol",NA,"NAC",NA,"69","Neotropics","Aw","Tropical dry forest",1262,"Cifuentes-Jara_2008_abae",NA,NA,NA,"Bonner_2013_amgc",NA,34,"9","NAC",NA,"",FALSE,NA,NA
106827,"Pocosol",NA,NA,NA,"NAC","Guanacaste","Costa Rica",10.8889,-85.6004,"278",NA,"25.9","NAC","NAC","1613",NA,"","NaN","NaN","NaN"," Entisol  ",NA,NA,NA,NA,NA,NA,NA,NA,"Cifuentes-Jara_2008_abae",NA,NA,0,"[Cook-Patton database citation, in ForC format]","R script by Valentine Herrmann",NA,NA,NA,NA,NA,TRUE,13903,FALSE
1142,"Luquillo Experimental Forest",NA,NA,"Luquillo","El Verde","Puerto Rico","United States of America",18.3,-65.8,"500","lat-long estimated from map in paper and google maps; more precise value may be possible. See Luyssaert?","22.3","NAC","NAC","3760",NA,"clay","NAC","NAC","NAC","NAC",NA,"NAC","Secondary tabonuco forest","81","Neotropics","Am","Tropical mountain system",356,"Crow_1980_arca",NA,NA,NA,"Anderson_2006_toba",NA,38,"1,2","NAC",NA,"",FALSE,NA,NA
108204,"Luquillo Experimental Forest",NA,NA,NA,"NAC","Puerto Rico","United States",18.3,-65.833333,"500",NA,"22.3","NAC","NAC","3760",NA,"25.41.35","NaN","NaN","NaN","ultisols",NA,NA,NA,NA,NA,NA,NA,NA,"Crow_1980_arca",NA,NA,0,"[Cook-Patton database citation, in ForC format]","R script by Valentine Herrmann",NA,NA,NA,NA,NA,TRUE,2414,FALSE
974,"Lake Duparquet chronosequence",NA,NA,"","Lake Duparquet","Quebec","Canada",48.5,-79.333333,"NAC",NA,"0.6","NAC","NAC","822.7",NA,"clay","NAC","NAC","NAC","Luvisol","The region is part of the northern Clay Belt, a large physiographic region characterized by lacustrine clay deposits left by the proglacial lakes Barlow and Ojibway. This site type is dominant in the region and the soils are classified as Grey Luvisols.",NA,NA,"407","Nearctic","Dfb","Boreal coniferous forest",NA,"Pare_1995_abaa",NA,NA,NA,"Anderson_2006_toba",NA,0,"0",NA,NA,"",FALSE,NA,NA
108665,"Lake Duparquet chronosequence",NA,NA,NA,"NAC","Quebec","Canada",48.5,-79.333333,"300",NA,"0.6","NAC","NAC","823",NA,"clay","NaN","NaN","NaN","Luvisol",NA,NA,NA,NA,NA,NA,NA,NA,"Pare_1995_abaa",NA,NA,0,"[Cook-Patton database citation, in ForC format]","R script by Valentine Herrmann",NA,NA,NA,NA,NA,TRUE,6901,FALSE
1928,"Wave-regenerated Balsam Fir chronosequence",NA,NA,"","NAC","New York","United States of America",44.366667,-73.9,"1200",NA,"-0.5","-13","12","1250",NA,"NAC","NAC","NAC","NAC","NAC","Typically young and thin, rarely > 50 cm deep and often < 15 cm. They tend to be highly organic (loss on ignition 35-70%) and strongly acidic (pH 3.5-5.0).",NA,NA,"784","Nearctic","Dfb","Temperate mountain system",NA,"Sprugel_1984_dbpa",NA,NA,NA,"Anderson_2006_toba",NA,0,"0",NA,NA,"",FALSE,NA,NA
109127,"Wave-regenerated Balsam Fir chronosequence",NA,NA,NA,"NAC","New York","United States",44.366667,-73.9,"1200",NA,"NAC","NAC","NAC","1250",NA,"","NaN","NaN","NaN","NAC",NA,NA,NA,NA,NA,NA,NA,NA,"Sprugel_1984_dbpa",NA,NA,0,"[Cook-Patton database citation, in ForC format]","R script by Valentine Herrmann",NA,NA,NA,NA,NA,TRUE,3641,FALSE
588,"Erastvere",NA,NA,"","NAC","Gulbene","Estonia",57.13,26.93,"NAC",NA,"5.4","NAC","NAC","675",NA,"sandy loam","NAC","NAC","NAC","Albeluvisol","Albeluvisol",NA,NA,"245","Palearctic","Dfb","Temperate continental forest",NA,"Uri_2012_bpac",NA,NA,NA,NA,NA,0,"0",NA,NA,"",FALSE,NA,NA
111452,"Erastvere",NA,NA,NA,"NAC","Gulbene","Estonia",57.133333,26.933333,"NAC",NA,"5.4","NAC","NAC","675",NA,"sandy loam","NaN","NaN","NaN","Albeluvisol",NA,NA,NA,NA,NA,NA,NA,NA,"Uri_2012_bpac",NA,NA,0,"[Cook-Patton database citation, in ForC format]","R script by Valentine Herrmann",NA,NA,NA,NA,NA,TRUE,2043,FALSE
947,"Kooraste 1",NA,NA,"","NAC","Pskov","Estonia",57.983,29.67,"NAC",NA,"5.4","NAC","NAC","675",NA,"sand","NAC","NAC","NAC","Haplic Umbrisol","Haplic Umbrisol",NA,NA,"396","Palearctic","Dfb","Temperate continental forest",NA,"Uri_2012_bpac",NA,NA,NA,NA,NA,0,"0",NA,NA,"",FALSE,NA,NA
111920,"Kooraste 1",NA,NA,NA,"NAC","Pskov","Estonia",57.983333,29.666667,"NAC",NA,"5.4","NAC","NAC","675",NA,"sand","NaN","NaN","NaN","Haplic Umbrisol",NA,NA,NA,NA,NA,NA,NA,NA,"Uri_2012_bpac",NA,NA,0,"[Cook-Patton database citation, in ForC format]","R script by Valentine Herrmann",NA,NA,NA,NA,NA,TRUE,2040,FALSE
862,"Kambja",NA,NA,"","NAC","Polva","Estonia",58.05,27.017,"NAC",NA,"5.4","NAC","NAC","675",NA,"sandy loam","NAC","NAC","NAC","Albeluvisol","Albeluvisol",NA,NA,"371","Palearctic","Dfb","Temperate continental forest",NA,"Uri_2012_bpac",NA,NA,NA,NA,NA,0,"0",NA,NA,"",FALSE,NA,NA
112389,"Kambja",NA,NA,NA,"NAC","Polva","Estonia",58.05,27.016667,"NAC",NA,"5.4","NAC","NAC","675",NA,"sandy loam","NaN","NaN","NaN","Albeluvisol",NA,NA,NA,NA,NA,NA,NA,NA,"Uri_2012_bpac",NA,NA,0,"[Cook-Patton database citation, in ForC format]","R script by Valentine Herrmann",NA,NA,NA,NA,NA,TRUE,2039,FALSE
19,"Alatskivi 2",NA,NA,"","NAC","Tartu","Estonia",58.617,27.03,"NAC",NA,"5.4","NAC","NAC","675",NA,"sandy loam","NAC","NAC","NAC","Gleyic Umbrisol","Gleyic Umbrisol",NA,NA,"15","Palearctic","Dfb","Temperate continental forest",NA,"Uri_2012_bpac",NA,NA,NA,NA,NA,0,"0",NA,NA,"",FALSE,NA,NA
113330,"Alatskivi 2",NA,NA,NA,"NAC","Tartu","Estonia",58.616667,27.033333,"NAC",NA,"5.4","NAC","NAC","675",NA,"sandy loam","NaN","NaN","NaN","Gleyic Umbrisol",NA,NA,NA,NA,NA,NA,NA,NA,"Uri_2012_bpac",NA,NA,0,"[Cook-Patton database citation, in ForC format]","R script by Valentine Herrmann",NA,NA,NA,NA,NA,TRUE,2042,FALSE
1464,"Porce II chronosequence 2",NA,NA,"","NAC","Antioquia","Colombia",6.760278,-75.107778,"975",NA,"22.7","21.3","24.1","2078",NA,"NAC","NAC","NAC","NAC","Entisol; Inceptisol","Twenty soil series have been described in the site and grouped in two main orders: Entisol and Inceptisol. The most common soil subgroups are Ustoxic Dystropept, Typic Tropaquent, and Typic Tropopsamment.","NAC",NA,"615","Neotropics","Af","Tropical mountain system",266,"Sierra_2012_tcai",NA,NA,NA,NA,NA,253,"1",NA,NA,"",FALSE,NA,NA
119544,"Porce II chronosequence 2",NA,NA,NA,"NAC","Antioquia","Colombia",6.760278,-75.107778,"1050",NA,"22.7","NAC","NAC","2078",NA,"NAC","NAC","NAC","NAC","Entisol; Inceptisol",NA,NA,NA,NA,NA,NA,NA,NA,"Sierra_2012_tcai",NA,NA,0,"[Cook-Patton database citation, in ForC format]","R script by Valentine Herrmann",NA,NA,NA,NA,NA,TRUE,283,FALSE
1010,"Leuser Ecosystem chronosequence",NA,NA,"","Telaga","North Sumatra","Indonesia",3.789,97.872,"1100",NA,NA,"NAC","NAC",NA,NA,"NAC","NAC","NAC","NAC","NAC",NA,"NAC",NA,"423","IndoMalay","Af","Tropical mountain system",193,"Aththorick_2012_vssa",NA,NA,NA,NA,NA,0,"0",NA,NA,"",FALSE,NA,NA
120515,"Leuser Ecosystem chronosequence",NA,NA,NA,"NAC","North Sumatra","Indonesia",3.789,97.872,"1100",NA,"26.18","NAC","NAC","2777",NA,"","NaN","NaN","NaN","NAC",NA,NA,NA,NA,NA,NA,NA,NA,"Aththorick_2012_vssa",NA,NA,0,"[Cook-Patton database citation, in ForC format]","R script by Valentine Herrmann",NA,NA,NA,NA,NA,TRUE,309,FALSE
1826,"Tiogo T13",NA,NA,"","NAC","Sanguie","Burkina Faso",12.263288,-2.761648,"300",NA,"NAC","16","40","785","dry season 5-7 months","NAC","NAC","NAC","NAC","dystric gleysol","dystric gleysol, ferruginous","NAC",NA,"752","Afrotropics","BSh","Tropical dry forest",318,"Nygard_2004_wyis",NA,NA,NA,NA,NA,0,"0",NA,NA,"",FALSE,NA,NA
121002,"Tiogo T13",NA,NA,NA,"NAC","Sanguie","Burkina Faso",12.263288,-2.761648,"300",NA,"NAC","NAC","NAC","785",NA,"","NaN","NaN","NaN","dystric gleysol",NA,NA,NA,NA,NA,NA,NA,NA,"Nygard_2004_wyis",NA,NA,0,"[Cook-Patton database citation, in ForC format]","R script by Valentine Herrmann",NA,NA,NA,NA,NA,TRUE,342,FALSE
1557,"Sa S14",NA,NA,"","NAC","Mouhoun","Burkina Faso",12.65,-3.28333,"300",NA,"NAC","16","40","679","dry season 5-7 months","NAC","NAC","NAC","NAC","gleyic cambisol","gleyic cambisol, ferruginous","NAC",NA,"666","Afrotropics","BSh","Tropical dry forest",321,"Nygard_2004_wyis",NA,NA,NA,NA,NA,0,"0",NA,NA,"",FALSE,NA,NA
121979,"Sa S14",NA,NA,NA,"NAC","Mouhoun","Burkina Faso",12.65,-3.28,"300",NA,"NAC","NAC","NAC","679",NA,"","NaN","NaN","NaN","gleyic cambisol",NA,NA,NA,NA,NA,NA,NA,NA,"Nygard_2004_wyis",NA,NA,0,"[Cook-Patton database citation, in ForC format]","R script by Valentine Herrmann",NA,NA,NA,NA,NA,TRUE,344,FALSE
186,"Bissiga B12",NA,NA,"","NAC","Oubritenga","Burkina Faso",12.6833,-1.1667,"300",NA,"NAC","16","40","632","dry season 5-7 months","NAC","NAC","NAC","NAC","ferric luvisol","ferric luvisol, ferruginous","NAC",NA,"82","Afrotropics","BSh","Tropical dry forest",322,"Nygard_2004_wyis",NA,NA,NA,NA,NA,0,"0",NA,NA,"",FALSE,NA,NA
122469,"Bissiga B12",NA,NA,NA,"NAC","Oubritenga","Burkina Faso",12.6833,-1.17,"300",NA,"NAC","NAC","NAC","632",NA,"","NaN","NaN","NaN","ferric luvisol",NA,NA,NA,NA,NA,NA,NA,NA,"Nygard_2004_wyis",NA,NA,0,"[Cook-Patton database citation, in ForC format]","R script by Valentine Herrmann",NA,NA,NA,NA,NA,TRUE,345,FALSE
2009,"Yabo Y13",NA,NA,"","NAC","Sanmatenga","Burkina Faso",13,-1.5,"300",NA,"NAC","16","40","629","dry season 5-7 months","NAC","NAC","NAC","NAC","eutric regosol","eutric regosol, ferruginous","NAC",NA,"810","Afrotropics","BSh","Tropical dry forest",323,"Nygard_2004_wyis",NA,NA,NA,NA,NA,0,"0",NA,NA,"",FALSE,NA,NA
122960,"Yabo Y13",NA,NA,NA,"NAC","Sanmatenga","Burkina Faso",13,-1.5,"300",NA,"NAC","NAC","NAC","629",NA,"","NaN","NaN","NaN","eutric regosol",NA,NA,NA,NA,NA,NA,NA,NA,"Nygard_2004_wyis",NA,NA,0,"[Cook-Patton database citation, in ForC format]","R script by Valentine Herrmann",NA,NA,NA,NA,NA,TRUE,346,FALSE
1912,"Waldo Lake (cool dry)",NA,NA,"","NAC","Oregon","United States of America",43.5,-122,"NAC",NA,"4.6","NAC","NAC","404",NA,"NAC","NAC","NAC","NAC","NAC",NA,NA,NA,"240","Nearctic","Csb","Temperate mountain system",NA,"Boone_1988_sasc",NA,"Keith_2009_rofb; Liu_2014_htpa",NA,"Keith_2009_rofb; Liu_2014_htpa","Maria",0,"0",NA,NA,"",FALSE,NA,NA
123452,"Waldo Lake (cool dry)",NA,NA,NA,"NAC","Oregon","United States",43.5,-122,"1770",NA,"NAC","NAC","NAC","2200",NA,"88.11.1","NaN","NaN","NaN","Entic Cryorthod",NA,NA,NA,NA,NA,NA,NA,NA,"Boone_1988_sasc",NA,NA,0,"[Cook-Patton database citation, in ForC format]","R script by Valentine Herrmann",NA,NA,NA,NA,NA,TRUE,3793,FALSE
1549,"S village Karen area swidden cultivation fallow chronosequence",NA,NA,"","Karen","Bago","Myanmar",18.866667,95.883333,"350",NA,"NAC","21.4","32.7","1966","Most of the rainfall occurs during the rainy season (May-Oct)","NAC","NAC","NAC","NAC","Ultisol",NA,"NAC",NA,"53","IndoMalay","Aw","Tropical rainforest",1232,"Fukushima_2007_rpof",NA,NA,NA,"Bonner_2013_amgc",NA,19,"1","0",NA,"need to return to two original refs",FALSE,NA,NA
123945,"S village Karen area swidden cultivation fallow chronosequence",NA,NA,NA,"NAC","Bago","Myanmar",18.866667,95.883333,"350",NA,"NAC","NAC","NAC","1966",NA,"","NaN","NaN","NaN","Ultisol",NA,NA,NA,NA,NA,NA,NA,NA,"Fukushima_2007_rpof",NA,NA,0,"[Cook-Patton database citation, in ForC format]","R script by Valentine Herrmann",NA,NA,NA,NA,NA,TRUE,3528,FALSE
1868,"UMBS harvest and fire chronosequence",NA,NA,"University of Michigan Biological Station (UMBS)","NAC","Michigan","United States of America",45.5916667,-84.716667,"230",NA,"5.5","NAC","NAC","817",NA,"sandy","NAC","NAC","NAC","NAC","mixed frigid Entic Haplothods (Rubicon series)",NA,NA,"360","Nearctic","Dfb","Temperate continental forest",NA,"Gough_2007_tloh","Gough_2007_tloh",NA,1,"Luyssaert_2007_cbob","Maria",296,"1",NA,NA,"",FALSE,NA,NA
124439,"UMBS harvest and fire chronosequence",NA,NA,NA,"NAC","Michigan","United States",45.591667,-84.716667,"NAC",NA,"5.5","NAC","NAC","817",NA,"92.7.1","NaN","NaN","NaN","Entic Haplothods",NA,NA,NA,NA,NA,NA,NA,NA,"Gough_2007_tloh",NA,NA,0,"[Cook-Patton database citation, in ForC format]","R script by Valentine Herrmann",NA,NA,NA,NA,NA,TRUE,2396,FALSE
1224,"Mekrijarvi Research Station",NA,NA,"","NAC","North Karelia","Finland",62.783333,30.966667,"145",NA,"1.4","NAC","NAC","690",NA,"NAC","NAC","NAC","NAC","Podzol",NA,NA,NA,"325","Palearctic","Dfc","Boreal coniferous forest",NA,"Helmisaari_1995_ncip",NA,NA,NA,"Anderson_2006_toba",NA,154,"1",NA,NA,"",FALSE,NA,NA
125430,"Mekrijarvi Research Station",NA,NA,NA,"NAC","North Carelia","Finland",62.783333,30.966667,"145",NA,"1.4","NAC","NAC","690",NA,"","NaN","NaN","NaN","Podzol",NA,NA,NA,NA,NA,NA,NA,NA,"Helmisaari_1995_ncip",NA,NA,0,"[Cook-Patton database citation, in ForC format]","R script by Valentine Herrmann",NA,NA,NA,NA,NA,TRUE,3903,FALSE
1958,"Wildfire-regenerating Jack Pine Chronosequence 36",NA,NA,NA,"NAC","Michigan","United States of America",44.433,-84.233,"NAC",NA,"6.3","NAC","NAC","690",NA,"sand","NAC","NAC","NAC","Entisol","Acidic, excessively drained, poorly developed sands of the Grayling series (Isotic, frigid Typic Udipsamments).",NA,NA,"791","Nearctic","Dfb","Temperate continental forest",NA,"Rothstein_2004_laro",NA,NA,NA,NA,NA,304,"1","1",NA,"",FALSE,NA,NA
129434,"Wildfire-regenerating Jack Pine Chronosequence 36",NA,NA,NA,"NAC","Michigan","United States",44.433333,-84.233333,"NAC",NA,"6.3","NAC","NAC","690",NA,"92..","NaN","NaN","NaN","Entisol",NA,NA,NA,NA,NA,NA,NA,NA,"Rothstein_2004_laro",NA,NA,0,"[Cook-Patton database citation, in ForC format]","R script by Valentine Herrmann",NA,NA,NA,NA,NA,TRUE,3743,FALSE
1954,"Wildfire-regenerating Jack Pine Chronosequence 14",NA,NA,NA,"NAC","Michigan","United States of America",44.45,-84.267,"NAC",NA,"6.3","NAC","NAC","690",NA,"sand","NAC","NAC","NAC","Entisol","Acidic, excessively drained, poorly developed sands of the Grayling series (Isotic, frigid Typic Udipsamments).",NA,NA,"791","Nearctic","Dfb","Temperate continental forest",NA,"Rothstein_2004_laro",NA,NA,NA,NA,NA,304,"1","1",NA,"",FALSE,NA,NA
129939,"Wildfire-regenerating Jack Pine Chronosequence 14",NA,NA,NA,"NAC","Michigan","United States",44.45,-84.266667,"NAC",NA,"6.3","NAC","NAC","690",NA,"90..","NaN","NaN","NaN","Entisol",NA,NA,NA,NA,NA,NA,NA,NA,"Rothstein_2004_laro",NA,NA,0,"[Cook-Patton database citation, in ForC format]","R script by Valentine Herrmann",NA,NA,NA,NA,NA,TRUE,3733,FALSE
1959,"Wildfire-regenerating Jack Pine Chronosequence 4",NA,NA,NA,"NAC","Michigan","United States of America",44.47,-84.3,"NAC",NA,"6.3","NAC","NAC","690",NA,"sand","NAC","NAC","NAC","Entisol","Acidic, excessively drained, poorly developed sands of the Grayling series (Isotic, frigid Typic Udipsamments).",NA,NA,"791","Nearctic","Dfb","Temperate continental forest",NA,"Rothstein_2004_laro",NA,NA,NA,NA,NA,304,"1","1",NA,"",FALSE,NA,NA
130445,"Wildfire-regenerating Jack Pine Chronosequence 4",NA,NA,NA,"NAC","Michigan","United States",44.466667,-84.333333,"NAC",NA,"6.3","NAC","NAC","690",NA,"93..","NaN","NaN","NaN","Entisol",NA,NA,NA,NA,NA,NA,NA,NA,"Rothstein_2004_laro",NA,NA,0,"[Cook-Patton database citation, in ForC format]","R script by Valentine Herrmann",NA,NA,NA,NA,NA,TRUE,3518,FALSE
1961,"Wildfire-regenerating Jack Pine Chronosequence 7",NA,NA,NA,"NAC","Michigan","United States of America",44.5,-84.3,"NAC",NA,"6.3","NAC","NAC","690",NA,"sand","NAC","NAC","NAC","Entisol","Acidic, excessively drained, poorly developed sands of the Grayling series (Isotic, frigid Typic Udipsamments).",NA,NA,"791","Nearctic","Dfb","Temperate continental forest",NA,"Rothstein_2004_laro",NA,NA,NA,NA,NA,304,"1","1",NA,"",FALSE,NA,NA
130952,"Wildfire-regenerating Jack Pine Chronosequence 7",NA,NA,NA,"NAC","Michigan","United States",44.5,-84.3,"NAC",NA,"6.3","NAC","NAC","690",NA,"82..","NaN","NaN","NaN","Entisol",NA,NA,NA,NA,NA,NA,NA,NA,"Rothstein_2004_laro",NA,NA,0,"[Cook-Patton database citation, in ForC format]","R script by Valentine Herrmann",NA,NA,NA,NA,NA,TRUE,3772,FALSE
1952,"Wildfire-regenerating Jack Pine Chronosequence 1",NA,NA,NA,"NAC","Michigan","United States of America",44.516,-84.267,"NAC",NA,"6.3","NAC","NAC","690",NA,"sand","NAC","NAC","NAC","Entisol","Acidic, excessively drained, poorly developed sands of the Grayling series (Isotic, frigid Typic Udipsamments).",NA,NA,"791","Nearctic","Dfb","Temperate continental forest",NA,"Rothstein_2004_laro",NA,NA,NA,NA,NA,304,"1","1",NA,"",FALSE,NA,NA
131460,"Wildfire-regenerating Jack Pine Chronosequence 1",NA,NA,NA,"NAC","Michigan","United States",44.516667,-84.266667,"NAC",NA,"6.3","NAC","NAC","690",NA,"89..","NaN","NaN","NaN","Entisol",NA,NA,NA,NA,NA,NA,NA,NA,"Rothstein_2004_laro",NA,NA,0,"[Cook-Patton database citation, in ForC format]","R script by Valentine Herrmann",NA,NA,NA,NA,NA,TRUE,3604,FALSE
1960,"Wildfire-regenerating Jack Pine Chronosequence 52",NA,NA,NA,"NAC","Michigan","United States of America",44.55,-84.35,"NAC",NA,"6.3","NAC","NAC","690",NA,"sand","NAC","NAC","NAC","Entisol","Acidic, excessively drained, poorly developed sands of the Grayling series (Isotic, frigid Typic Udipsamments).",NA,NA,"791","Nearctic","Dfb","Temperate continental forest",NA,"Rothstein_2004_laro",NA,NA,NA,NA,NA,306,"1","1",NA,"",FALSE,NA,NA
131969,"Wildfire-regenerating Jack Pine Chronosequence 52",NA,NA,NA,"NAC","Michigan","United States",44.55,-84.35,"NAC",NA,"6.3","NAC","NAC","690",NA,"92..","NaN","NaN","NaN","Entisol",NA,NA,NA,NA,NA,NA,NA,NA,"Rothstein_2004_laro",NA,NA,0,"[Cook-Patton database citation, in ForC format]","R script by Valentine Herrmann",NA,NA,NA,NA,NA,TRUE,3543,FALSE
1962,"Wildfire-regenerating Jack Pine Chronosequence 72",NA,NA,NA,"NAC","Michigan","United States of America",44.57,-84.4,"NAC",NA,"6.3","NAC","NAC","690",NA,"sand","NAC","NAC","NAC","Entisol","Acidic, excessively drained, poorly developed sands of the Grayling series (Isotic, frigid Typic Udipsamments).",NA,NA,"791","Nearctic","Dfb","Temperate continental forest",NA,"Rothstein_2004_laro",NA,NA,NA,NA,NA,306,"1","1",NA,"",FALSE,NA,NA
132479,"Wildfire-regenerating Jack Pine Chronosequence 72",NA,NA,NA,"NAC","Michigan","United States",44.566667,-84.4,"NAC",NA,"6.3","NAC","NAC","690",NA,"91..","NaN","NaN","NaN","Entisol",NA,NA,NA,NA,NA,NA,NA,NA,"Rothstein_2004_laro",NA,NA,0,"[Cook-Patton database citation, in ForC format]","R script by Valentine Herrmann",NA,NA,NA,NA,NA,TRUE,3704,FALSE
1956,"Wildfire-regenerating Jack Pine Chronosequence 22",NA,NA,NA,"NAC","Michigan","United States of America",44.6,-84.05,"NAC",NA,"6.3","NAC","NAC","690",NA,"sand","NAC","NAC","NAC","Entisol","Acidic, excessively drained, poorly developed sands of the Grayling series (Isotic, frigid Typic Udipsamments).",NA,NA,"791","Nearctic","Dfb","Temperate continental forest",NA,"Rothstein_2004_laro",NA,NA,NA,NA,NA,305,"1","1",NA,"",FALSE,NA,NA
132990,"Wildfire-regenerating Jack Pine Chronosequence 22",NA,NA,NA,"NAC","Michigan","United States",44.6,-84.05,"NAC",NA,"6.3","NAC","NAC","690",NA,"91..","NaN","NaN","NaN","Entisol",NA,NA,NA,NA,NA,NA,NA,NA,"Rothstein_2004_laro",NA,NA,0,"[Cook-Patton database citation, in ForC format]","R script by Valentine Herrmann",NA,NA,NA,NA,NA,TRUE,3624,FALSE
1955,"Wildfire-regenerating Jack Pine Chronosequence 2",NA,NA,NA,"NAC","Michigan","United States of America",44.6,-84,"NAC",NA,"6.3","NAC","NAC","690",NA,"sand","NAC","NAC","NAC","Entisol","Acidic, excessively drained, poorly developed sands of the Grayling series (Isotic, frigid Typic Udipsamments).",NA,NA,"791","Nearctic","Dfb","Temperate continental forest",NA,"Rothstein_2004_laro",NA,NA,NA,NA,NA,305,"1","1",NA,"",FALSE,NA,NA
133502,"Wildfire-regenerating Jack Pine Chronosequence 2",NA,NA,NA,"NAC","Michigan","United States",44.6,-84,"NAC",NA,"6.3","NAC","NAC","690",NA,"90..","NaN","NaN","NaN","Entisol",NA,NA,NA,NA,NA,NA,NA,NA,"Rothstein_2004_laro",NA,NA,0,"[Cook-Patton database citation, in ForC format]","R script by Valentine Herrmann",NA,NA,NA,NA,NA,TRUE,3815,FALSE
1953,"Wildfire-regenerating Jack Pine Chronosequence 12",NA,NA,"","NAC","Michigan","United States of America",44.717,-84.483,"NAC",NA,"6.3","NAC","NAC","690",NA,"sand","NAC","NAC","NAC","Entisol","Acidic, excessively drained, poorly developed sands of the Grayling series (Isotic, frigid Typic Udipsamments).",NA,NA,"791","Nearctic","Dfb","Temperate continental forest",NA,"Rothstein_2004_laro",NA,NA,NA,NA,NA,0,"0",NA,NA,"",FALSE,NA,NA
134015,"Wildfire-regenerating Jack Pine Chronosequence 12",NA,NA,NA,"NAC","Michigan","United States",44.716667,-84.483333,"NAC",NA,"6.3","NAC","NAC","690",NA,"93..","NaN","NaN","NaN","Entisol",NA,NA,NA,NA,NA,NA,NA,NA,"Rothstein_2004_laro",NA,NA,0,"[Cook-Patton database citation, in ForC format]","R script by Valentine Herrmann",NA,NA,NA,NA,NA,TRUE,3591,FALSE
1957,"Wildfire-regenerating Jack Pine Chronosequence 27",NA,NA,"","NAC","Michigan","United States of America",44.717,-84.417,"NAC",NA,"6.3","NAC","NAC","690",NA,"sand","NAC","NAC","NAC","Entisol","Acidic, excessively drained, poorly developed sands of the Grayling series (Isotic, frigid Typic Udipsamments).",NA,NA,"791","Nearctic","Dfb","Temperate continental forest",NA,"Rothstein_2004_laro",NA,NA,NA,NA,NA,0,"0",NA,NA,"",FALSE,NA,NA
134529,"Wildfire-regenerating Jack Pine Chronosequence 27",NA,NA,NA,"NAC","Michigan","United States",44.716667,-84.416667,"NAC",NA,"6.3","NAC","NAC","690",NA,"92..","NaN","NaN","NaN","Entisol",NA,NA,NA,NA,NA,NA,NA,NA,"Rothstein_2004_laro",NA,NA,0,"[Cook-Patton database citation, in ForC format]","R script by Valentine Herrmann",NA,NA,NA,NA,NA,TRUE,3825,FALSE
597,"Fazenda Vitoria 2",NA,NA,"","Paragominas","Para","Brazil",-2.916667,-47.566667,"NAC",NA,"NAC","NAC","NAC","1750","dry season july-december","NAC","NAC","NAC","NAC","NAC",NA,"NAC",NA,"252","Neotropics","Am","Tropical rainforest",1403,"Uhl_1990_dfsa",NA,NA,NA,"Chao_2009_atdq",NA,0,"0",NA,NA,"",FALSE,NA,NA
135044,"Fazenda Vitoria 2",NA,NA,NA,"NAC","Para","Brazil",-2.916667,-47.566667,"NAC",NA,"NAC","NAC","NAC","1750",NA,"","NaN","NaN","NaN","Oxisol",NA,NA,NA,NA,NA,NA,NA,NA,"Uhl_1990_dfsa",NA,NA,0,"[Cook-Patton database citation, in ForC format]","R script by Valentine Herrmann",NA,NA,NA,NA,NA,TRUE,2021,FALSE
2044,"Yenisei River",NA,NA,"","NAC","Krasnoyarsk/Central Siberia","Siberia",60.72,89.13,"NAC",NA,"-3.7","NAC","NAC","493",NA,"NAC","NAC","NAC","NAC","NAC",NA,NA,NA,"426","Palearctic","Dfc","Boreal coniferous forest",NA,"Wirth_2002_fast",NA,"Keith_2009_rofb; Liu_2014_htpa",NA,"Keith_2009_rofb; Liu_2014_htpa","Maria",201,"1,2,3,4,5,6,7,8,9,10,11,12,13,14,15,16",NA,NA,"",FALSE,NA,NA
135560,"Yenisei River",NA,NA,NA,"NAC","Siberia","Russia",60.716667,89.133333,"NAC",NA,"-3.7","NAC","NAC","493",NA,"NAC","NAC","NAC","NAC","inceptisol",NA,NA,NA,NA,NA,NA,NA,NA,"Wirth_2002_fast",NA,NA,0,"[Cook-Patton database citation, in ForC format]","R script by Valentine Herrmann",NA,NA,NA,NA,NA,TRUE,2025,FALSE
