"","measurement.id","plot.id","site.id","study.id","refor.type","prior","stand.age","variables.name","mean_ha","max_depth","bulk_density"
"1",1240,109,19,3017,"SNR","SC",5,"SOC",25.6,30,NA
"2",1241,110,19,3017,"SNR","SC",7,"SOC",15.1,30,NA
"3",1242,111,19,3017,"SNR","SC",10,"SOC",18.6,30,NA
"4",1243,112,19,3017,"SNR","SC",14,"SOC",23.4,30,NA
"5",1244,113,19,3017,"SNR","SC",18,"SOC",20.6,30,NA
"6",1245,114,19,3017,"SNR","SC",21,"SOC",22.9,30,NA
"7",1246,115,19,3017,"SNR","SC",25,"SOC",23.3,30,NA
"8",1247,116,19,3017,"SNR","SC",32,"SOC",19.4,30,NA
"9",1248,118,19,3017,"SNR","SC",35,"SOC",34.7,30,NA
"10",1249,119,19,3017,"SNR","SC",37,"SOC",17.8,30,NA
"11",1250,120,19,3017,"SNR","SC",38,"SOC",28.6,30,NA
"12",1251,121,19,3017,"SNR","SC",43,"SOC",24.4,30,NA
"13",1252,122,19,3017,"SNR","SC",47,"SOC",27.1,30,NA
"14",1369,126,22,3773,"SNR","SC",3,"SOC",73.5,10,NA
"15",1371,127,22,3773,"SNR","SC",13,"SOC",59.4,10,NA
"16",1374,128,22,3773,"SNR","SC",28,"SOC",81.1,10,NA
"17",1370,137,22,3773,"SNR","SC",8,"SOC",75.5,10,NA
"18",1372,138,22,3773,"SNR","SC",18,"SOC",85.8,10,NA
"19",1373,139,22,3773,"SNR","SC",23,"SOC",78,10,NA
"20",1375,141,22,3773,"SNR","SC",35,"SOC",60.5,20,NA
"21",24,1526,2150,222,"SNR","SC",4.5,"SOC",40.65,10,NA
"22",25,1527,2150,222,"SNR","SC",8,"SOC",53.23,10,NA
"23",26,1528,2150,222,"SNR","SC",15,"SOC",60.97,10,NA
"24",28,1530,2150,222,"C","SC",0,"SOC",62.72,10,NA
"25",59,1533,2405,246,"SNR","SC",2,"soil_perC",6.1,5,NA
"26",63,1534,2405,246,"SNR","SC",3,"soil_perC",5.6,5,NA
"27",68,1535,2405,246,"SNR","SC",4,"soil_perC",9.2,5,NA
"28",69,1536,2405,246,"SNR","SC",5,"soil_perC",11,5,NA
"29",70,1537,2405,246,"SNR","SC",6,"soil_perC",13.4,5,NA
"30",73,1538,2405,246,"SNR","SC",9,"soil_perC",7.7,5,NA
"31",74,1539,2405,246,"SNR","SC",10,"soil_perC",7.7,5,NA
"32",75,1540,2405,246,"SNR","SC",12,"soil_perC",8.9,5,NA
"33",76,1541,2405,246,"SNR","SC",15,"soil_perC",15.1,5,NA
"34",78,1542,2405,246,"SNR","SC",20,"soil_perC",7.8,5,NA
"35",79,1543,2405,246,"SNR","SC",30,"soil_perC",10.7,5,NA
"36",81,1544,2405,246,"SNR","SC",33,"soil_perC",8.4,5,NA
"37",82,1545,2405,246,"SNR","SC",55,"soil_perC",13.1,5,NA
"38",86,1547,2405,246,"C","SC",0,"soil_perC",22.2,5,NA
"39",116,1560,2082,390,"C","C",0,"SOC",33.9,15,NA
"40",117,1561,2082,390,"C","C",0,"SOC",35.7,15,NA
"41",115,1562,2082,390,"C","C",0,"SOC",56.7,15,NA
"42",176,1578,2153,557,"PA","PA",0,"SOC",51.4,30,NA
"43",184,1579,2153,557,"SNR","PA",13,"SOC",62.4,30,NA
"44",187,1580,2153,557,"SNR","PA",20,"SOC",51,30,NA
"45",190,1581,2153,557,"SNR","PA",26,"SOC",33.8,30,NA
"46",191,1582,2153,557,"SNR","PA",30,"SOC",56.2,30,NA
"47",193,1583,2153,557,"SNR","PA",34,"SOC",35.2,30,NA
"48",199,1584,2153,557,"SNR","PA",42,"SOC",56.1,30,NA
"49",200,1585,2153,557,"SNR","PA",47,"SOC",54.2,30,NA
"50",178,1587,2153,557,"PA","PA",0,"SOC",69.6,30,NA
"51",182,1588,2153,557,"SNR","PA",9,"SOC",61,30,NA
"52",183,1589,2153,557,"SNR","PA",12,"SOC",80,30,NA
"53",188,1590,2153,557,"SNR","PA",20,"SOC",96.2,30,NA
"54",189,1591,2153,557,"SNR","PA",23,"SOC",84.7,30,NA
"55",192,1592,2153,557,"SNR","PA",32,"SOC",77.6,30,NA
"56",198,1593,2153,557,"SNR","PA",40,"SOC",90.6,30,NA
"57",204,1594,2153,557,"SNR","PA",68,"SOC",70,30,NA
"58",257,1612,2079,851,"SNR","C",10,"SOC",93,20,NA
"59",267,1613,3858,851,"SNR","C",30,"SOC",119,20,NA
"60",277,1614,3859,851,"SNR","C",50,"SOC",123,20,NA
"61",381,1668,3863,995,"SNR","C",1,"SOC",35.7,10,NA
"62",382,1669,3863,995,"SNR","C",7,"SOC",28.7,10,NA
"63",383,1670,3863,995,"SNR","C",13,"SOC",28.1,10,NA
"64",384,1671,3863,995,"SNR","C",20,"SOC",27.5,10,NA
"65",385,1672,3863,995,"SNR","C",30,"SOC",30.2,10,NA
"66",339,1678,3816,995,"SNR","C",11,"SOC",68.6,10,NA
"67",340,1679,3816,995,"SNR","C",16,"SOC",67,10,NA
"68",341,1680,3816,995,"SNR","C",22,"SOC",63.1,10,NA
"69",342,1681,3816,995,"SNR","C",27,"SOC",69.5,10,NA
"70",343,1682,3816,995,"SNR","C",60,"SOC",80.6,10,NA
"71",344,1683,3816,995,"SNR","C",100,"SOC",87.2,10,NA
"72",820,1708,3821,1222,"SNR","C",10,"SOC",21.6,10,NA
"73",828,1708,3821,1222,"SNR","C",18,"SOC",18.7,10,NA
"74",812,1708,3821,1222,"SNR","C",8,"SOC",18.7,10,NA
"75",836,1710,2302,1394,"SNR","H",20,"soil_perC",8.62,20,NA
"76",837,1711,2302,1394,"SNR","H",35,"soil_perC",6.9,20,NA
"77",863,1725,2077,1599,"C","C",0,"SOC",39.6,5,NA
"78",869,1726,3864,1599,"SNR","C",6,"SOC",48.4,5,NA
"79",875,1727,3865,1599,"SNR","C",16,"SOC",63.6,5,NA
"80",881,1728,3866,1599,"SNR","C",45,"SOC",62.1,5,NA
"81",887,1729,3867,1599,"SNR","C",100,"SOC",61.8,5,NA
"82",60,1734,2405,246,"SNR","SC",2,"soil_perC",12.1,5,NA
"83",61,1735,2405,246,"SNR","SC",2,"soil_perC",8.4,5,NA
"84",62,1736,2405,246,"SNR","SC",2,"soil_perC",10.5,5,NA
"85",64,1737,2405,246,"SNR","SC",3,"soil_perC",7,5,NA
"86",65,1738,2405,246,"SNR","SC",3,"soil_perC",11.7,5,NA
"87",66,1739,2405,246,"SNR","SC",3,"soil_perC",7.2,5,NA
"88",67,1740,2405,246,"SNR","SC",3,"soil_perC",10.5,5,NA
"89",71,1741,2405,246,"SNR","SC",6,"soil_perC",8.3,5,NA
"90",72,1742,2405,246,"SNR","SC",6,"soil_perC",9.4,5,NA
"91",77,1743,2405,246,"SNR","SC",15,"soil_perC",10.2,5,NA
"92",80,1744,2405,246,"SNR","SC",30,"soil_perC",5.6,5,NA
"93",83,1745,2405,246,"SNR","SC",55,"soil_perC",9.3,5,NA
"94",932,1748,385,1879,"SNR","C",11,"soil_perC",3.05,15,NA
"95",933,1749,385,1879,"SNR","C",21,"soil_perC",6.34,15,NA
"96",934,1750,385,1879,"SNR","C",51,"soil_perC",6.33,15,NA
"97",1044,1768,3541,2236,"SNR","PA",25,"soil_perC",11.35,5,1.1
"98",1053,1769,3732,2236,"SNR","PA",21,"soil_perC",13.21,5,1.06
"99",13082,1778,2161,2416,"SNR","C",39,"soil_perC",4.44,6,1.05
"100",1094,1779,3723,2542,"PA","PA",0,"soil_perC",17.63,5,0.7
"101",1101,1780,3723,2542,"SNR","PA",10,"soil_perC",21.24,5,0.5
"102",1108,1781,3723,2542,"SNR","PA",35,"soil_perC",16.58,5,0.5
"103",1213,1854,2241,2963,"H","H",0,"SOC",29,30,NA
"104",1215,1854,2241,2963,"SNR","H",10,"SOC",31.4,30,NA
"105",1216,1854,2241,2963,"SNR","H",15,"SOC",26.9,30,NA
"106",1214,1854,2241,2963,"SNR","H",5,"SOC",29.1,30,NA
"107",1217,1855,2242,2963,"H","H",0,"SOC",30,30,NA
"108",1219,1855,2242,2963,"SNR","H",10,"SOC",29.7,30,NA
"109",1220,1855,2242,2963,"SNR","H",15,"SOC",31.2,30,NA
"110",1218,1855,2242,2963,"SNR","H",5,"SOC",31.4,30,NA
"111",1221,1856,2243,2963,"H","H",0,"SOC",37.6,30,NA
"112",1223,1856,2243,2963,"SNR","H",10,"SOC",46.1,30,NA
"113",1224,1856,2243,2963,"SNR","H",15,"SOC",62.1,30,NA
"114",1222,1856,2243,2963,"SNR","H",5,"SOC",43.4,30,NA
"115",1264,1861,2273,3217,"SNR","C",4,"soil_perC",2.58,20,0.91
"116",1265,1862,2274,3217,"SNR","C",23,"soil_perC",3.26,20,0.88
"117",12830,1863,243,3452,"SNR","PA",5,"soil_perC",4,10,NA
"118",12831,1864,243,3452,"SNR","PA",12,"soil_perC",3.9,10,NA
"119",12832,1865,243,3452,"SNR","PA",30,"soil_perC",4,10,NA
"120",1360,1913,3767,3748,"SNR","SC",6,"soil_perC",1.72,20,1.1
"121",1361,1914,3767,3748,"SNR","SC",9,"soil_perC",1.57,20,1.3
"122",1425,1915,2229,3871,"SNR","",16,"SOC",66.1,10,NA
"123",1433,1917,3140,4045,"C","C",0,"soil_perC",1.697,10,1.43
"124",1436,1917,3140,4045,"SNR","C",15,"soil_perC",1.663,10,1.29
"125",1442,1918,3538,4149,"SNR","C/PA",27,"soil_perC",3.82,20,1.16
"126",1446,1919,3538,4149,"SNR","PA",2,"soil_perC",3.98,20,1.22
"127",1479,1929,3826,4322,"SNR","",25,"SOC",55.4,10,NA
"128",1506,1930,2090,4395,"SNR","F",2,"SOC",2.1,15,NA
"129",1508,1932,2092,4395,"SNR","F",6,"SOC",3.2,15,NA
"130",1510,1934,2094,4395,"SNR","F",7,"SOC",3,15,NA
"131",1512,1936,2096,4395,"SNR","F",11,"SOC",2,15,NA
"132",1514,1938,2098,4395,"SNR","F",23,"SOC",3,15,NA
"133",1516,1940,2100,4395,"SNR","F",30,"SOC",2.2,15,NA
"134",1520,1942,397,4404,"SC","SC",0,"soil_perC",5.1,40,NA
"135",1545,1943,2074,4457,"C","C",0,"soil_perC",1.49,15,1.21
"136",1546,1944,2074,4457,"SNR","C",8,"soil_perC",2.4,15,1.21
"137",1547,1945,2074,4457,"SNR","C",18,"soil_perC",3.44,15,1.17
"138",1574,1950,3575,4491,"SNR","H",9,"SOC",72.9,30,NA
"139",1575,1951,3575,4491,"SNR","H",12,"SOC",37.3,30,NA
"140",1576,1952,3575,4491,"SNR","H",14,"SOC",56.1,30,NA
"141",1577,1953,3575,4491,"SNR","H",21,"SOC",37.1,30,NA
"142",1578,1954,3575,4491,"SNR","H",26,"SOC",29.9,30,NA
"143",1579,1955,3575,4491,"SNR","H",31,"SOC",37.5,30,NA
"144",1706,1964,2271,4757,"SNR","C",30,"soil_perC",6.34,6,0.7
"145",1714,1965,2271,4757,"C","C",0,"soil_perC",2.32,10,1.03
"146",1721,1966,2271,4757,"SNR","C",15,"soil_perC",2.64,4,0.92
"147",1727,1967,2271,4757,"SNR","PA",12,"soil_perC",46.45,16,0.55
"148",1735,1968,2271,4757,"PA","PA",0,"soil_perC",18.28,4,0.58
"149",1747,1970,2271,4757,"C","C",0,"soil_perC",24.6,10,0.65
"150",1751,1971,2271,4757,"SNR","C",20,"soil_perC",27.58,6,0.65
"151",1755,1972,2271,4757,"SNR","C",20,"soil_perC",35.83,11,0.58
"152",1760,1973,2271,4757,"SNR","H",23,"soil_perC",21.55,6,0.58
"153",1764,1974,2271,4757,"C","C",0,"soil_perC",27.93,6,0.77
"154",1771,1975,2271,4757,"SNR","C",12,"soil_perC",23.7,7.5,0.73
"155",1785,1977,3572,4772,"SNR","SC",15,"SOC",40.19,10,NA
"156",1789,1978,3572,4772,"C","C",0,"SOC",28,10,NA
"157",1825,1983,2319,4923,"PA","PA",0,"SOC",115.7,30,NA
"158",1824,1983,2319,4923,"SNR","PA",23,"SOC",103.6,30,NA
"159",1827,1984,2320,4923,"PA","PA",0,"SOC",99.4,30,NA
"160",1826,1984,2320,4923,"SNR","PA",28,"SOC",67.5,30,NA
"161",1829,1985,2320,4923,"C","C",0,"SOC",31.1,30,NA
"162",1828,1985,2320,4923,"SNR","C",15,"SOC",47.6,30,NA
"163",1831,1986,2320,4923,"C","C",0,"SOC",53.3,30,NA
"164",1830,1986,2320,4923,"SNR","C",25,"SOC",89,30,NA
"165",1833,1987,2320,4923,"C","C",0,"SOC",98.3,30,NA
"166",1832,1987,2320,4923,"SNR","C",11,"SOC",102,30,NA
"167",1835,1988,2320,4923,"C","C",0,"SOC",76.6,30,NA
"168",1834,1988,2320,4923,"SNR","C",30,"SOC",92.7,30,NA
"169",1837,1989,2320,4923,"C","C",0,"SOC",57.7,30,NA
"170",1836,1989,2320,4923,"SNR","C",15,"SOC",74.7,30,NA
"171",1839,1999,2320,4923,"C","C",0,"SOC",41.1,30,NA
"172",1838,1999,2320,4923,"SNR","C",15,"SOC",29.5,30,NA
"173",1850,2000,3508,5152,"SNR","PA/H",5,"SOC",131.3,10,NA
"174",1854,2001,3508,5152,"SNR","PA/H",3,"SOC",92.7,10,NA
"175",1899,2029,2164,5278,"PA","PA",0,"SOC",46.96,10,NA
"176",1900,2030,2164,5278,"SNR","PA",7,"SOC",47.84,10,NA
"177",1901,2031,2164,5278,"SNR","PA",13,"SOC",49.8,10,NA
"178",1909,2032,2254,5317,"SNR","C/PA",8,"soil_perC",15.08,10,1.05
"179",1915,2033,2255,5317,"SNR","C/PA",19,"soil_perC",17.11,10,1.08
"180",1922,2034,2256,5317,"C","C",0,"soil_perC",14.74,10,1.15
"181",1865,2035,2154,5252,"H","H",0,"soil_perC",21.14,20,0.5
"182",1866,2036,2154,5252,"SNR","H",4,"SOC",198,20,NA
"183",1867,2037,2154,5252,"SNR","H",5,"SOC",181,20,NA
"184",1868,2038,2154,5252,"SNR","H",10,"SOC",173,20,NA
"185",1869,2039,2154,5252,"SNR","H",17,"SOC",152,20,NA
"186",2019,2073,2230,5747,"SNR","C",22,"SOC",158.3,10,NA
"187",2020,2074,2230,5747,"PA","C",0,"SOC",136.3,20,NA
"188",2091,2079,3681,5997,"C","C",0,"soil_perC",1.74,20,1.25
"189",2092,2080,3876,5997,"C","C",0,"soil_perC",2.29,20,1.19
"190",2093,2081,3500,5997,"C","C",0,"soil_perC",1.41,20,1.22
"191",2094,2082,3785,5997,"SNR","C",1,"soil_perC",1.18,20,0.94
"192",2095,2083,3516,5997,"SNR","C",5,"soil_perC",2.57,20,1.09
"193",2096,2084,3814,5997,"SNR","C",4,"soil_perC",1.06,20,1.21
"194",2097,2085,3799,5997,"SNR","C",5,"soil_perC",1.25,20,1.42
"195",2098,2086,3633,5997,"SNR","C",6,"soil_perC",3.16,20,1.04
"196",2099,2087,3745,5997,"SNR","C",7,"soil_perC",1.59,20,1.18
"197",2100,2088,3600,5997,"SNR","C",7,"soil_perC",0.78,20,0.99
"198",2101,2089,3577,5997,"SNR","C",12,"soil_perC",1.67,20,1.1
"199",2102,2090,3791,5997,"SNR","C",15,"soil_perC",3.16,20,1.03
"200",2103,2091,3616,5997,"SNR","C",20,"soil_perC",3.34,20,0.97
"201",2120,2092,13972,6214,"SNR","C",9,"soil_perC",3.08,40,1.5
"202",2128,2093,293,6412,"SNR","SC",3,"SOC",219.5,100,NA
"203",2129,2094,294,6412,"SNR","SC",3,"SOC",233.3,100,NA
"204",2130,2095,295,6412,"SNR","SC",3,"SOC",286,100,NA
"205",2131,2096,293,6412,"SNR","SC",9,"SOC",189.7,100,NA
"206",2132,2097,294,6412,"SNR","SC",9,"SOC",207.2,100,NA
"207",2133,2098,295,6412,"SNR","SC",9,"SOC",236.6,100,NA
"208",2134,2099,293,6412,"SNR","SC",19,"SOC",190.6,100,NA
"209",2135,2100,294,6412,"SNR","SC",19,"SOC",248.7,100,NA
"210",2136,2101,295,6412,"SNR","SC",19,"SOC",228.4,100,NA
"211",2224,2170,2083,6521,"SNR","H",15,"soil_perC",2.8,20,1.3
"212",2225,2171,2083,6521,"SNR","H/D",25,"soil_perC",3.4,20,1.3
"213",2229,2172,41,6559,"PA","PA",0,"SOC",106.7,10,NA
"214",2230,2173,41,6559,"SNR","PA",10,"SOC",146.8,10,NA
"215",2231,2174,41,6559,"SNR","PA",20,"SOC",134.9,10,NA
"216",2232,2175,41,6559,"SNR","PA",30,"SOC",99.9,10,NA
"217",12766,2196,2073,6588,"SNR","F",4,"SOC",65.8,10,NA
"218",12767,2196,2073,6588,"SNR","F",5,"SOC",66.7,10,NA
"219",12768,2196,2073,6588,"SNR","F",6,"SOC",69.6,10,NA
"220",2302,2197,2046,6701,"SNR","F",3,"SOC",39.79,9.77,NA
"221",2303,2198,2046,6701,"SNR","F",4,"SOC",42.4,9.63,NA
"222",2304,2199,2046,6701,"SNR","F",9,"SOC",43.04,10.2,NA
"223",2289,2200,399,6803,"SNR","H",3,"SOC",85,10,NA
"224",2290,2201,3877,6803,"SNR","H/D",10,"SOC",72.4,10,NA
"225",2291,2202,3878,6803,"SNR","H/D",26,"SOC",93.6,10,NA
"226",2385,2220,3570,7212,"H","H",0,"soil_perC",1.07,20,1.36
"227",2386,2220,3570,7212,"SNR","H",14,"SOC",84.2,20,NA
"228",2394,2221,414,7216,"SNR","PA",3,"SOC",73.4,10,NA
"229",2397,2222,415,7216,"SNR","PA",3,"SOC",70.1,10,NA
"230",2400,2223,416,7216,"SNR","PA",7,"SOC",89.5,10,NA
"231",2403,2228,417,7216,"SNR","PA",8,"SOC",56.8,10,NA
"232",2415,2229,412,7216,"SNR","PA",11,"SOC",69.7,10,NA
"233",2418,2230,419,7216,"SNR","PA",15,"SOC",70.5,10,NA
"234",2421,2231,420,7216,"SNR","PA",17,"SOC",82.2,10,NA
"235",2424,2232,421,7216,"SNR","PA",20,"SOC",66,10,NA
"236",2427,2233,412,7216,"SNR","PA",22,"SOC",86.2,10,NA
"237",2430,2234,423,7216,"SNR","PA",23,"SOC",76.8,10,NA
"238",2433,2235,424,7216,"SNR","PA",28,"SOC",71.6,10,NA
"239",2436,2236,425,7216,"SNR","PA",33,"SOC",62.7,10,NA
"240",2466,2264,2086,7276,"SNR","SC",2,"SOC",47.9,30,NA
"241",2467,2265,2086,7276,"SNR","SC",2,"SOC",59.9,30,NA
"242",2468,2266,2086,7276,"SNR","SC",3,"SOC",36.7,30,NA
"243",2469,2267,2086,7276,"SNR","SC",3,"SOC",54.1,30,NA
"244",2470,2268,2086,7276,"SNR","SC",4,"SOC",39.7,30,NA
"245",2471,2269,2086,7276,"SNR","SC",5,"SOC",28.3,30,NA
"246",2472,2270,2086,7276,"SNR","SC",5,"SOC",29.7,30,NA
"247",2473,2271,2086,7276,"SNR","SC",6,"SOC",28.7,30,NA
"248",2474,2272,2086,7276,"SNR","SC",6,"SOC",36.3,30,NA
"249",2475,2273,2086,7276,"SNR","SC",6,"SOC",44.7,30,NA
"250",2476,2274,2086,7276,"SNR","SC",6,"SOC",65.4,30,NA
"251",2477,2275,2086,7276,"SNR","SC",9,"SOC",47.7,30,NA
"252",2478,2276,2086,7276,"SNR","SC",9,"SOC",56.3,30,NA
"253",2479,2277,2086,7276,"SNR","SC",10,"SOC",56.5,30,NA
"254",2480,2278,2086,7276,"SNR","SC",13,"SOC",48.3,30,NA
"255",2481,2279,2086,7276,"SNR","SC",19,"SOC",45.3,30,NA
"256",2482,2280,2086,7276,"SNR","SC",19,"SOC",55.9,30,NA
"257",2483,2281,2086,7276,"SNR","SC",19,"SOC",57.5,30,NA
"258",2484,2282,2086,7276,"SNR","SC",25,"SOC",36.3,30,NA
"259",2485,2283,2086,7276,"SNR","SC",25,"SOC",45.5,30,NA
"260",2486,2284,2086,7276,"SNR","SC",25,"SOC",50.9,30,NA
"261",2487,2285,2086,7276,"SNR","SC",25,"SOC",20.5,30,NA
"262",2488,2286,2086,7276,"SNR","SC",25,"SOC",25.9,30,NA
"263",2489,2287,2086,7276,"SNR","SC",25,"SOC",26.9,30,NA
"264",2490,2288,2086,7276,"SNR","SC",25,"SOC",33.3,30,NA
"265",2491,2289,2086,7276,"SNR","SC",25,"SOC",39.5,30,NA
"266",2492,2290,2086,7276,"SNR","SC",25,"SOC",72,30,NA
"267",2493,2291,3741,7280,"SNR","SC",25,"soil_perC",9.7,5,0.9
"268",2499,2292,3741,7280,"SC","SC",0,"soil_perC",9.6,5,1
"269",2547,2294,3501,7582,"SNR","PA",26,"soil_perC",8.32,10,0.37
"270",2549,2295,3501,7582,"PA","PA",0,"soil_perC",8.31,10,0.39
"271",2552,2296,314,7614,"SNR","PA",3,"soil_perC",3.963,15,NA
"272",2553,2297,314,7614,"SNR","PA",8,"soil_perC",4.312,15,NA
"273",2554,2298,314,7614,"SNR","PA",13,"soil_perC",4.705,15,NA
"274",3018,2299,314,8740,"SNR","PA",1,"soil_perC",3.113,15,NA
"275",3024,2301,314,8740,"SNR","PA",5,"soil_perC",4.218,15,NA
"276",3027,2302,314,8740,"SNR","PA",3,"soil_perC",5.016,15,NA
"277",3033,2304,314,8740,"SNR","PA",7,"soil_perC",4.312,15,NA
"278",3042,2307,314,8740,"SNR","PA",13,"soil_perC",4.705,15,NA
"279",2623,2310,238,7698,"C","SC",0,"SOC",58.3,10,NA
"280",2630,2311,238,7698,"C","SC",0,"SOC",59.9,10,NA
"281",2637,2312,238,7698,"C","SC",0,"SOC",46.3,10,NA
"282",2644,2313,238,7698,"C","SC",0,"SOC",38,10,NA
"283",2651,2314,238,7698,"SNR","SC",1,"SOC",56.2,10,NA
"284",2658,2315,238,7698,"SNR","SC",2,"SOC",58.8,10,NA
"285",2665,2316,238,7698,"SNR","SC",8,"SOC",56.3,10,NA
"286",2672,2317,238,7698,"SNR","SC",12.5,"SOC",50,10,NA
"287",2781,2338,3566,8167,"PA","PA",0,"SOC",80.7,50,NA
"288",2782,2339,3566,8167,"SNR","PA",15,"SOC",78,50,NA
"289",2783,2340,3566,8167,"SNR","PA",25,"SOC",74.9,50,NA
"290",2784,2341,3566,8167,"SNR","PA",33,"SOC",71,50,NA
"291",2785,2342,3683,8167,"PA","PA",0,"SOC",101.9,50,NA
"292",2786,2343,3683,8167,"SNR","PA",15,"SOC",76.1,50,NA
"293",2787,2344,3683,8167,"SNR","PA",33,"SOC",57.8,50,NA
"294",2788,2345,3686,8167,"PA","PA",0,"SOC",60.1,50,NA
"295",2789,2346,3686,8167,"SNR","PA",24,"SOC",36.8,50,NA
"296",2790,2347,3695,8167,"PA","PA",0,"SOC",67.7,50,NA
"297",2791,2348,3695,8167,"SNR","PA",14,"SOC",82.9,50,NA
"298",2792,2349,3784,8167,"PA","PA",0,"SOC",103.7,50,NA
"299",2793,2350,3784,8167,"SNR","PA",14,"SOC",71.1,50,NA
"300",2964,2471,2318,8474,"C","SC",0,"soil_perC",12.2,20,0.5
"301",2966,2472,3879,8474,"SNR","SC",15,"soil_perC",15.8,20,0.9
"302",2968,2473,3880,8474,"C","SC",0,"soil_perC",8.5,20,0.6
"303",2970,2474,3881,8474,"SNR","SC",15,"soil_perC",13.4,20,0.7
"304",2972,2475,3882,8474,"C","SC",0,"soil_perC",4.6,20,0.4
"305",2974,2476,3883,8474,"SNR","SC",15,"soil_perC",12.7,20,0.5
"306",2982,2478,3582,8581,"SC","SC",0,"SOC",324.8,15,NA
"307",2993,2479,3582,8581,"SNR","SC",7,"SOC",119.3,15,NA
"308",3048,2489,286,8742,"SNR","PA",19,"soil_perC",4.38,10,1.25
"309",3052,2490,286,8742,"SNR","PA",19,"soil_perC",3.89,10,1.25
"310",3056,2491,286,8742,"PA","PA",0,"soil_perC",3.84,10,1.25
"311",3060,2492,3802,8782,"C","C",0,"SOC",88,7,NA
"312",3063,2493,3802,8782,"SNR","C",10,"SOC",110,7,NA
"313",3066,2496,2001,8847,"PA","PA",0,"SOC",47.7,5,NA
"314",3070,2497,2002,8847,"SNR","PA",11,"SOC",33.1,5,NA
"315",3074,2498,2003,8847,"SNR","C",3,"SOC",27.1,5,NA
"316",3078,2502,2009,8847,"PA","PA",0,"SOC",36.9,5,NA
"317",13497,2503,2010,8847,"SNR","C",3,"SOC",29.9,5,NA
"318",3097,2507,2117,8873,"H","H",0,"SOM_per",24.6,10,0.709
"319",3094,2507,2117,8873,"SNR","H",10,"SOM_per",48.8,10,0.709
"320",3101,2508,2117,8873,"H","H",0,"SOM_per",18,10,0.787
"321",3098,2508,2117,8873,"SNR","H",10,"SOM_per",46.3,10,0.787
"322",3105,2509,2117,8873,"H","H",0,"SOM_per",15.5,10,0.961
"323",3102,2509,2117,8873,"SNR","H",10,"SOM_per",37.3,10,0.961
"324",3109,2510,2117,8873,"H","H",0,"SOM_per",10,10,1.189
"325",3106,2510,2117,8873,"SNR","H",10,"SOM_per",30.9,10,1.189
"326",3117,2516,3659,8964,"SNR","SC",20,"SOC",150.2,20,NA
"327",3120,2517,3659,8964,"SNR","SC",9,"SOC",116,20,NA
"328",3123,2518,3659,8964,"SC","SC",0,"SOC",152.2,20,NA
"329",3126,2519,3810,8989,"SNR","H",3,"soil_perC",2.2389,10,0.5
"330",3129,2520,3810,8989,"SNR","H",20,"soil_perC",2.0773,10,0.6
"331",3132,2521,3810,8989,"H","H",0,"soil_perC",1.2581,10,0.8
"332",3135,2522,3810,8989,"H","H",0,"soil_perC",0.83,10,1.1
"333",3150,2523,3594,9017,"SNR","H",10,"SOC",219.3,50,NA
"334",3151,2524,3594,9017,"SNR","H",11,"SOC",288,50,NA
"335",3152,2525,3594,9017,"SNR","H",12,"SOC",328.1,50,NA
"336",3153,2526,3594,9017,"SNR","H",25,"SOC",223.6,50,NA
"337",3155,2527,3594,9017,"SNR","H",26,"SOC",236.2,50,NA
"338",13453,2528,3594,9017,"SNR","H",26,"SOC",283.9,50,NA
"339",3204,2548,2259,9199,"SNR","SC",10,"soil_perC",4.54,5,1.24
"340",3207,2549,2259,9199,"SNR","SC",20,"soil_perC",3.42,5,1.28
"341",3264,2591,293,9362,"SNR","SC",3,"SOM_per",11,15,NA
"342",3266,2592,293,9362,"SNR","SC",8,"SOM_per",10.1,15,NA
"343",3268,2593,293,9362,"SNR","SC",19,"SOM_per",12.3,15,NA
"344",3398,2667,2259,9643,"SNR","SC",10,"SOC",33,5,NA
"345",3402,2668,2259,9643,"SNR","SC",20,"SOC",27.1,5,NA
"346",3448,2682,3781,9814,"SNR","D",7,"SOC",155.6,60,NA
"347",3450,2683,3781,9814,"SNR","D",11,"SOC",232.8,60,NA
"348",3488,2718,2145,9835,"SNR","F",25,"SOC",83.9,10,NA
"349",3495,2723,2112,9892,"SNR","C/PA",17.5,"soil_perC",23.18,15,0.68
"350",3502,2724,2112,9892,"SNR","C/PA",7.5,"soil_perC",18.72,15,1.05
"351",3509,2725,2112,9892,"C","C",0,"soil_perC",16.96,15,0.86
"352",3515,2726,2112,9892,"PA","PA",0,"soil_perC",20.36,15,0.76
"353",3521,2727,2112,9892,"PA","PA",0,"soil_perC",18.51,15,0.88
"354",3540,2741,3774,9956,"SNR","SC",12,"SOC",166,40,NA
"355",3548,2742,3774,9956,"SNR","SC",5,"SOC",168,40,NA
"356",3556,2743,3774,9956,"SNR","SC",1,"SOC",150,40,NA
"357",3573,2744,3774,9956,"SC","SC",0,"SOC",174,40,NA
"358",3582,2745,3774,9956,"SC","SC",0,"SOC",164,40,NA
"359",3564,2746,3774,9956,"SC","SC",0,"SOC",185,40,NA
"360",3603,2747,2261,10007,"SNR","C/PA",8,"SOC",242,2.5,NA
"361",3612,2749,2261,10007,"SNR","C",16,"SOC",211,2.5,NA
"362",3619,2750,2261,10007,"SNR","C",20,"SOC",247,2.5,NA
"363",3626,2751,2261,10007,"SNR","C",20,"SOC",185,2.5,NA
"364",3633,2752,2261,10007,"SNR","C",26,"SOC",158.2,2.5,NA
"365",3640,2753,2261,10007,"SNR","C",30,"SOC",205,2.5,NA
"366",3646,2754,286,10030,"PA","PA",0,"SOC",300,10,NA
"367",3652,2755,286,10030,"PA","PA",0,"SOC",283,10,NA
"368",3658,2756,286,10030,"SNR","PA",23,"SOC",291,10,NA
"369",3695,2772,2257,10508,"SNR","SC",12.5,"soil_perC",1.74,15,1
"370",3696,2773,2257,10508,"SNR","SC",15,"soil_perC",2.46,10,1.02
"371",3704,2776,2257,10508,"C","SC",0,"soil_perC",1.44,10,1.55
"372",3706,2777,2257,10508,"C","SC",0,"soil_perC",1.03,10,1.62
"373",3708,2778,2257,10508,"C","SC",0,"soil_perC",1.59,10,1.56
"374",3804,2818,2413,10823,"SNR","H",0,"soil_perC",7.2,10,NA
"375",3806,2819,2413,10823,"SNR","H",0,"soil_perC",12.4,10,NA
"376",3808,2820,2413,10823,"SNR","H",4,"soil_perC",7.4,10,NA
"377",3810,2821,2413,10823,"SNR","H",4,"soil_perC",12,10,NA
"378",3812,2822,2413,10823,"SNR","H",8,"soil_perC",9.7,10,NA
"379",3814,2823,2413,10823,"SNR","H",8,"soil_perC",12.9,10,NA
"380",3816,2824,2413,10823,"SNR","H",12,"soil_perC",9,10,NA
"381",3818,2825,2413,10823,"SNR","H",12,"soil_perC",10,10,NA
"382",3820,2826,2413,10823,"SNR","H",18,"soil_perC",7.7,10,NA
"383",3822,2828,2081,10854,"SNR","C",12,"soil_perC",0.6,15,1.5
"384",3823,2829,2081,10854,"SNR","C",32,"soil_perC",0.68,15,1.48
"385",4021,2903,3885,3504,"SNR","C",4,"SOC",44.6,10,NA
"386",4024,2904,3885,3504,"SNR","C",12,"SOC",40.7,10,NA
"387",4027,2905,3885,3504,"SNR","C",17,"SOC",31.8,10,NA
"388",4030,2906,3885,3504,"SNR","C",68,"SOC",43.4,10,NA
"389",4018,2907,3884,3504,"C","C",0,"SOC",43.3,10,NA
"390",4048,2914,3892,6416,"SNR","F",14,"SOC",36.74,20,NA
"391",4049,2915,3892,6416,"SNR","F",60,"SOC",39.01,20,NA
"392",4050,2916,3893,6450,"SNR","C",3,"SOC",46.5,20,NA
"393",4051,2917,3894,6450,"SNR","C",20,"SOC",42.4,20,NA
"394",4052,2918,3895,6450,"SNR","C",55,"SOC",36.1,20,NA
"395",4053,2919,3896,6450,"SNR","C",100,"SOC",36.5,20,NA
"396",4337,3238,140,10949,"SNR","SC",11,"soil_perC",2.06,10,0.85
"397",4338,3239,140,10949,"SNR","SC",24,"soil_perC",2.35,10,0.779
"398",4339,3240,140,10949,"SNR","SC",40,"soil_perC",2.49,10,0.78
"399",4459,3284,13901,10972,"SNR","PA",9,"SOC",117.1,10,NA
"400",4467,3285,13902,10972,"SNR","PA",10,"SOC",87.7,10,NA
"401",4475,3286,13903,10972,"SNR","PA",10,"SOC",70.2,10,NA
"402",4483,3287,13904,10972,"SNR","PA",14,"SOC",190.4,10,NA
"403",4491,3289,13906,10972,"SNR","PA",16,"SOC",208.6,10,NA
"404",4499,3290,13907,10972,"SNR","PA",17,"SOC",77.8,10,NA
"405",4507,3291,13908,10972,"SNR","PA",22,"SOC",112.1,10,NA
"406",4515,3292,13909,10972,"SNR","PA",26,"SOC",188.9,10,NA
"407",4523,3293,13910,10972,"SNR","PA",27,"SOC",170.9,10,NA
"408",4531,3294,13911,10972,"SNR","PA",82,"SOC",194.3,10,NA
"409",4539,3295,13912,10972,"SNR","PA",0.5,"SOC",142.3,10,NA
"410",4547,3296,13913,10972,"SNR","PA",7,"SOC",64.9,10,NA
"411",4555,3297,13914,10972,"SNR","PA",7,"SOC",206.3,10,NA
"412",4563,3298,13915,10972,"SNR","PA",9,"SOC",95.7,10,NA
"413",4571,3299,13916,10972,"SNR","PA",13,"SOC",169.2,10,NA
"414",4579,3300,13917,10972,"SNR","PA",16,"SOC",151.4,10,NA
"415",4587,3301,13918,10972,"SNR","PA",20,"SOC",162,10,NA
"416",4595,3302,13919,10972,"SNR","PA",28,"SOC",104.1,10,NA
"417",4603,3303,13920,10972,"SNR","PA",30,"SOC",112.7,10,NA
"418",4611,3304,13921,10972,"SNR","PA",40,"SOC",139.6,10,NA
"419",4619,3305,13922,10972,"SNR","PA",2,"SOC",191.4,10,NA
"420",4627,3306,13923,10972,"SNR","PA",6,"SOC",113.9,10,NA
"421",4635,3307,13924,10972,"SNR","PA",10,"SOC",98.5,10,NA
"422",4643,3308,13925,10972,"SNR","PA",15,"SOC",88.7,10,NA
"423",4651,3309,13926,10972,"SNR","PA",22,"SOC",105.3,10,NA
"424",4659,3310,13927,10972,"SNR","PA",3,"SOC",211.5,10,NA
"425",4667,3311,13928,10972,"SNR","PA",6,"SOC",170,10,NA
"426",4675,3312,13929,10972,"SNR","PA",10,"SOC",216.3,10,NA
"427",4683,3313,13930,10972,"SNR","PA",15,"SOC",167.1,10,NA
"428",4691,3314,13931,10972,"SNR","PA",21,"SOC",184.7,10,NA
"429",4699,3315,13932,10972,"SNR","PA",26,"SOC",213.3,10,NA
"430",4707,3316,13933,10972,"SNR","PA",27,"SOC",187.9,10,NA
"431",4715,3317,13934,10972,"SNR","PA",32,"SOC",217.8,10,NA
"432",4723,3318,13935,10972,"SNR","PA",1,"SOC",197.3,10,NA
"433",4731,3319,13936,10972,"SNR","PA",1,"SOC",118.5,10,NA
"434",4739,3320,13937,10972,"SNR","PA",3,"SOC",180.4,10,NA
"435",4747,3321,13938,10972,"SNR","PA",6.5,"SOC",124.6,10,NA
"436",4755,3322,13939,10972,"SNR","PA",9,"SOC",208.8,10,NA
"437",4763,3323,13940,10972,"SNR","PA",18,"SOC",203.8,10,NA
"438",4771,3324,13941,10972,"SNR","PA",20,"SOC",99,10,NA
"439",4779,3325,13942,10972,"SNR","PA",25,"SOC",184.5,10,NA
"440",4787,3326,13943,10972,"SNR","PA",29,"SOC",170.1,10,NA
"441",4795,3327,13944,10972,"SNR","PA",35,"SOC",146.9,10,NA
"442",4803,3328,13945,10972,"SNR","PA",60,"SOC",97.2,10,NA
"443",4811,3329,13946,10972,"SNR","PA",0.5,"SOC",239.2,10,NA
"444",4819,3330,13947,10972,"SNR","PA",10,"SOC",278.3,10,NA
"445",4827,3331,13948,10972,"SNR","PA",15,"SOC",264.4,10,NA
"446",4835,3332,13949,10972,"SNR","PA",19,"SOC",287.4,10,NA
"447",4843,3333,13950,10972,"SNR","PA",20,"SOC",258,10,NA
"448",4851,3334,13951,10972,"SNR","PA",20,"SOC",273.5,10,NA
"449",4859,3335,13952,10972,"SNR","PA",30,"SOC",282.1,10,NA
"450",4867,3336,13953,10972,"SNR","PA",35,"SOC",315.3,10,NA
"451",4875,3337,13954,10972,"SNR","PA",40,"SOC",296.6,10,NA
"452",4883,3338,13955,10972,"SNR","PA",50,"SOC",289.7,10,NA
"453",5083,3459,278,11111,"SNR","SC",1,"SOM_per",10.78,20,1.33
"454",5091,3460,278,11111,"SNR","SC",7,"SOM_per",15.46,20,1.33
"455",5246,3609,2037,11166,"SNR","H",6,"SOC",123.3,10,NA
"456",5257,3611,2040,11166,"SNR","H",18,"SOC",54.7,10,NA
"457",5263,3612,2042,11166,"SNR","H",32,"SOC",67.2,10,NA
"458",5268,3613,2043,11166,"SNR","H",45,"SOC",53.3,10,NA
"459",5272,3614,175,11189,"SNR","PA",9,"SOC",97.6,100,NA
"460",5274,3615,175,11189,"PA","PA",0,"SOC",63.06,100,NA
"461",5276,3616,175,11189,"PA","PA",0,"SOC",106.3,100,NA
"462",5278,3617,175,11189,"PA","PA",0,"SOC",97.3,100,NA
"463",5332,3646,277,11231,"SNR","PA",4,"SOM_per",3.73,15,NA
"464",5333,3647,277,11231,"SNR","PA",4,"SOM_per",3.37,15,NA
"465",5334,3648,277,11231,"SNR","PA",8,"SOM_per",4.03,15,NA
"466",5335,3649,277,11231,"SNR","PA",8,"SOM_per",3.66,15,NA
"467",5336,3650,277,11231,"SNR","PA",4,"SOM_per",3.18,15,NA
"468",5337,3651,277,11231,"SNR","PA",4,"SOM_per",2.88,15,NA
"469",5338,3652,277,11231,"SNR","PA",4,"SOM_per",3.55,15,NA
"470",5339,3653,277,11231,"SNR","PA",4,"SOM_per",3.99,15,NA
"471",5340,3654,277,11231,"SNR","PA",8,"SOM_per",3.86,15,NA
"472",5341,3655,277,11231,"SNR","PA",8,"SOM_per",4.15,15,NA
"473",5342,3656,277,11231,"SNR","PA",4,"SOM_per",3.3,15,NA
"474",5343,3657,277,11231,"SNR","PA",4,"SOM_per",2.67,15,NA
"475",5344,3658,277,11231,"SNR","PA",8,"SOM_per",2.75,15,NA
"476",5370,3662,283,11256,"SNR","PA",19,"SOC",107.5,15,NA
"477",5376,3663,283,11256,"SNR","PA",19,"SOC",56.6,15,NA
"478",5388,3665,283,11256,"SNR","PA",27,"SOC",66.4,15,NA
"479",5394,3666,283,11256,"SNR","PA",7,"SOC",15.4,15,NA
"480",5400,3667,283,11256,"SNR","PA",36,"SOC",59.8,15,NA
"481",5406,3668,283,11256,"SNR","PA",17,"SOC",106.3,15,NA
"482",5412,3669,283,11256,"SNR","PA",30,"SOC",52.1,15,NA
"483",5418,3670,283,11256,"SNR","PA",14,"SOC",94,15,NA
"484",5424,3671,283,11256,"SNR","PA",29,"SOC",58.5,15,NA
"485",5436,3673,283,11256,"SNR","PA",21,"SOC",46.1,15,NA
"486",5442,3674,283,11256,"SNR","PA",18,"SOC",49.7,15,NA
"487",5448,3675,283,11256,"SNR","PA",7,"SOC",107,15,NA
"488",5454,3676,283,11256,"SNR","PA",15,"SOC",76.6,15,NA
"489",5526,3688,283,11256,"SNR","PA",3,"SOC",83.6,15,NA
"490",5532,3689,283,11256,"SNR","PA",4,"SOC",102.6,15,NA
"491",5538,3690,283,11256,"SNR","PA",4,"SOC",61,15,NA
"492",5544,3691,283,11256,"SNR","PA",4,"SOC",52,15,NA
"493",5550,3692,283,11256,"SNR","PA",5,"SOC",14.1,15,NA
"494",5556,3693,283,11256,"SNR","PA",5,"SOC",53.3,15,NA
"495",5625,3696,2396,11295,"SNR","H/F",6,"SOC",34.8,20,NA
"496",5632,3697,2396,11295,"SNR","H/F",24,"SOC",33.7,20,NA
"497",5639,3698,2396,11295,"SNR","H/F",50,"SOC",25.6,20,NA
"498",5646,3699,2396,11295,"SNR","H/F",56,"SOC",35.5,20,NA
"499",5653,3700,2396,11295,"SNR","H/F",68,"SOC",32.4,20,NA
"500",5675,3705,2391,11305,"SNR","PA",10,"SOC",84,20,NA
"501",5680,3706,2391,11305,"SNR","PA",16,"SOC",67.9,20,NA
"502",5684,3707,2391,11305,"SNR","PA",23,"SOC",23.3,70,NA
"503",5687,3708,2391,11305,"SNR","PA",23,"SOC",23.3,70,NA
"504",5691,3709,2391,11305,"SNR","PA",47,"SOC",60.4,20,NA
"505",5696,3710,2391,11305,"SNR","PA",53,"SOC",69.6,20,NA
"506",5701,3711,2391,11305,"SNR","",61,"SOC",77.7,20,NA
"507",5706,3712,2391,11305,"SNR","PA",72,"SOC",79.2,20,NA
"508",5716,3722,2391,11305,"SNR","PA",23,"SOC",54.3,20,NA
"509",5717,3723,2391,11305,"SNR","PA",23,"SOC",59.4,20,NA
"510",5759,3745,2206,11323,"SNR","",71,"soil_perC",1.92,30,NA
"511",5762,3746,2206,11323,"SNR","",78,"soil_perC",1.37,30,NA
"512",5765,3747,2206,11323,"SNR","",60,"soil_perC",1.98,30,NA
"513",5768,3748,2206,11323,"SNR","",54,"soil_perC",1.64,30,NA
"514",5771,3749,2206,11323,"SNR","",23,"soil_perC",1.64,30,NA
"515",5774,3750,2206,11323,"SNR","",26,"soil_perC",2.5,30,NA
"516",5777,3751,2206,11323,"SNR","",64,"soil_perC",1.96,30,NA
"517",5780,3752,2206,11323,"SNR","",64,"soil_perC",1.78,30,NA
"518",5783,3753,2206,11323,"SNR","",64,"soil_perC",2.31,30,NA
"519",5786,3754,2206,11323,"SNR","",64,"soil_perC",2.3,30,NA
"520",5789,3755,2206,11323,"SNR","",13,"soil_perC",2.1,30,NA
"521",5792,3756,2206,11323,"SNR","",8,"soil_perC",1.95,30,NA
"522",5813,3757,3604,11346,"SNR","F",1,"SOC",38,10,NA
"523",5849,3758,3815,11346,"SNR","F",2,"SOC",40.5,10,NA
"524",5795,3759,3518,11346,"SNR","F",4,"SOC",42.1,10,NA
"525",5843,3760,3772,11346,"SNR","F",7,"SOC",38.4,10,NA
"526",5807,3761,3591,11346,"SNR","F",12,"SOC",46.6,10,NA
"527",5831,3762,3733,11346,"SNR","F",14,"SOC",50.3,10,NA
"528",5819,3763,3624,11346,"SNR","F",22,"SOC",43.8,10,NA
"529",5855,3764,3825,11346,"SNR","F",27,"SOC",50.8,10,NA
"530",5837,3765,3743,11346,"SNR","F",36,"SOC",40.1,10,NA
"531",5801,3766,3543,11346,"SNR","F",52,"SOC",42.4,10,NA
"532",5825,3767,3704,11346,"SNR","F",72,"SOC",36.9,10,NA
"533",5861,3769,2025,11366,"SNR","F",12,"SOC",22.2,25,NA
"534",5865,3770,2025,11366,"SNR","F",53,"SOC",12,25,NA
"535",5869,3771,2025,11366,"SNR","F",93,"SOC",10.3,25,NA
"536",5873,3772,2025,11366,"SNR","H",2,"SOC",13.7,25,NA
"537",5877,3773,2025,11366,"SNR","H",14,"SOC",17.2,25,NA
"538",5881,3774,2025,11366,"SNR","H",58,"SOC",9.3,25,NA
"539",5885,3775,2025,11366,"SNR","H",31,"SOC",11.6,25,NA
"540",5889,3776,2025,11366,"SNR","H",95,"SOC",25.2,25,NA
"541",5893,3777,2025,11366,"SNR","F",67,"SOC",8.8,25,NA
"542",5897,3778,2025,11366,"SNR","F",14,"SOC",17.8,25,NA
"543",5901,3779,2025,11366,"SNR","F",26,"SOC",17.2,25,NA
"544",3895,378,59,10940,"SNR","SC",7,"soil_perC",6.3,3,NA
"545",5905,3780,2025,11366,"SNR","F",48,"SOC",26.8,25,NA
"546",3900,379,59,10940,"SNR","SC",11,"soil_perC",8.62,3,NA
"547",3905,380,59,10940,"SNR","SC",18,"soil_perC",5.5,5,NA
"548",3909,381,59,10940,"SNR","SC",30,"soil_perC",2.03,25,NA
"549",12470,3852,3902,11447,"SNR","C",23,"SOC",88.8,25,NA
"550",12472,3853,3902,11447,"SNR","C",40,"SOC",109.3,25,NA
"551",12474,3854,3902,11447,"SNR","C",43,"SOC",126,25,NA
"552",12489,3862,3905,11447,"SNR","C",35,"SOC",76.8,25,NA
"553",12491,3864,3905,11447,"C","C",0,"SOC",45.7,25,NA
"554",12493,3866,3902,11448,"PA","PA",0,"SOC",103.1,50,NA
"555",12494,3867,3902,11448,"SNR","C/PA",10,"SOC",72.3,50,NA
"556",12495,3868,3902,11448,"SNR","C/PA",19,"SOC",59.8,50,NA
"557",12496,3869,3902,11448,"SNR","C/PA",24,"SOC",66.8,50,NA
"558",12497,3870,3902,11448,"SNR","C/PA",40,"SOC",84.4,50,NA
"559",12498,3871,3902,11448,"SNR","C/PA",45,"SOC",95.7,50,NA
"560",12499,3872,3902,11448,"SNR","C/PA",52,"SOC",87.5,50,NA
"561",12504,3877,3905,11448,"C","C",0,"SOC",47.3,25,NA
"562",12505,3878,3905,11448,"PA","PA",0,"SOC",72.1,25,NA
"563",12506,3879,3905,11448,"SNR","C/PA",12,"SOC",55.5,25,NA
"564",12507,3880,3905,11448,"SNR","C/PA",36,"SOC",77.3,25,NA
"565",12508,3881,3905,11448,"SNR","C/PA",51,"SOC",90.6,25,NA
"566",12509,3882,3906,11449,"SC","SC",0,"soil_perC",5.8,20,NA
"567",12510,3883,3906,11449,"SNR","SC",5,"soil_perC",4.5,20,NA
"568",12511,3884,3906,11449,"SNR","SC",6,"soil_perC",4.9,20,NA
"569",12512,3885,3906,11449,"SNR","SC",10,"soil_perC",3.5,20,NA
"570",12513,3886,3906,11449,"SNR","SC",15,"soil_perC",4.4,20,NA
"571",12514,3887,3906,11449,"SNR","SC",20,"soil_perC",4.6,20,NA
"572",12515,3888,3906,11449,"SNR","SC",25,"soil_perC",4.9,20,NA
"573",12516,3889,3906,11449,"SNR","SC",50,"soil_perC",5.2,20,NA
"574",12517,3890,3907,11450,"SC/PA","SC/PA",0,"SOM_per",13.2,10,0.6
"575",12520,3891,3907,11450,"SNR","SC/PA",8,"SOM_per",17.1,10,0.5
"576",12523,3892,3907,11450,"SNR","PA",16,"SOM_per",12.8,10,0.6
"577",12526,3893,3907,11450,"SNR","C",31,"SOM_per",13.3,10,0.6
"578",12549,7151,7575,4581,"C","C",0,"soil_perC",0.27,20,NA
"579",12551,7153,7575,4581,"SNR","C",30,"soil_perC",0.59,20,NA
"580",12552,7154,7575,4581,"SNR","C",30,"soil_perC",0.57,20,NA
"581",12553,7155,7575,4581,"SNR","C",30,"soil_perC",0.68,20,NA
"582",12554,7156,7575,4581,"SNR","C",30,"soil_perC",0.64,20,NA
"583",12555,7157,7575,4581,"SNR","C",30,"soil_perC",0.92,20,NA
"584",3686,7158,2113,10323,"SNR","PA",16,"soil_perC",3.53,30,0.75
"585",3687,7159,2113,10323,"SNR","PA",16,"soil_perC",3.78,30,0.68
"586",3688,7160,2113,10323,"SNR","PA",18,"soil_perC",5.69,30,0.67
"587",5601,8689,3528,11293,"SC","SC",0,"SOC",9.6,5,NA
"588",12654,8709,13956,8581,"SNR","SC",40,"SOC",140.3,15,NA
"589",12665,8710,13956,8581,"SC","SC",0,"SOC",262.1,15,NA
"590",12676,8711,13957,8581,"SNR","SC",40,"SOC",41.9,15,NA
"591",12685,8712,13957,8581,"SC","SC",0,"SOC",49.9,15,NA
"592",12754,8727,2174,5599,"PA","PA",0,"SOC",35.8,20,NA
"593",12730,8727,2174,5599,"SNR","PA",5,"SOC",62.5,20,NA
"594",12755,8728,2174,5599,"PA","PA",0,"SOC",41.7,20,NA
"595",12731,8728,2174,5599,"SNR","PA",5,"SOC",59.4,20,NA
"596",12756,8729,2174,5599,"PA","PA",0,"SOC",35.3,20,NA
"597",12732,8729,2174,5599,"SNR","PA",5,"SOC",68.8,20,NA
"598",12757,8730,2174,5599,"PA","PA",0,"SOC",31.2,20,NA
"599",12733,8730,2174,5599,"SNR","PA",10,"SOC",73.3,20,NA
"600",12758,8731,2174,5599,"PA","PA",0,"SOC",24.2,20,NA
"601",12734,8731,2174,5599,"SNR","PA",10,"SOC",69.6,20,NA
"602",12759,8732,2174,5599,"PA","PA",0,"SOC",28.4,20,NA
"603",12735,8732,2174,5599,"SNR","PA",10,"SOC",70.1,20,NA
"604",12760,8733,2174,5599,"PA","PA",0,"SOC",31.9,20,NA
"605",12736,8733,2174,5599,"SNR","PA",15,"SOC",69.4,20,NA
"606",12761,8734,2174,5599,"PA","PA",0,"SOC",33.4,20,NA
"607",12737,8734,2174,5599,"SNR","PA",15,"SOC",68.6,20,NA
"608",12762,8735,2174,5599,"PA","PA",0,"SOC",36.6,20,NA
"609",12738,8735,2174,5599,"SNR","PA",15,"SOC",78.6,20,NA
"610",12763,8736,2174,5599,"PA","PA",0,"SOC",41.8,20,NA
"611",12739,8736,2174,5599,"SNR","PA",20,"SOC",92.7,20,NA
"612",12764,8737,2174,5599,"PA","PA",0,"SOC",38.5,20,NA
"613",12740,8737,2174,5599,"SNR","PA",20,"SOC",81.4,20,NA
"614",12765,8738,2174,5599,"PA","PA",0,"SOC",39.4,20,NA
"615",12741,8738,2174,5599,"SNR","PA",20,"SOC",106.8,20,NA
"616",12808,8748,226,11204,"SNR","SC",10,"SOC",29.13,20,NA
"617",12809,8749,226,11204,"SNR","SC",3,"SOC",40.64,20,NA
"618",12810,8750,209,11204,"SNR","SC",11,"SOC",39.61,20,NA
"619",12811,8751,209,11204,"SNR","SC",4,"SOC",29.95,20,NA
"620",12812,8752,209,11204,"SNR","SC",20,"SOC",48.13,20,NA
"621",12813,8753,210,11204,"SNR","SC",10,"SOC",54.6,20,NA
"622",12814,8754,210,11204,"SNR","SC",4,"SOC",51.7,20,NA
"623",12815,8755,210,11204,"SNR","SC",22,"SOC",51.2,20,NA
"624",12816,8756,212,11204,"SNR","SC",9,"SOC",36.9,20,NA
"625",12817,8757,212,11204,"SNR","SC",4,"SOC",20.5,20,NA
"626",12818,8758,212,11204,"SNR","SC",20,"SOC",32.2,20,NA
"627",12819,8759,212,11204,"SNR","SC",25,"SOC",33,20,NA
"628",12820,8760,211,11204,"SNR","SC",9,"SOC",30,20,NA
"629",12821,8761,211,11204,"SNR","SC",4,"SOC",42.5,20,NA
"630",12822,8762,211,11204,"SNR","SC",15,"SOC",45,20,NA
"631",12823,8763,3956,11204,"SNR","SC",9,"SOC",40.3,20,NA
"632",12824,8764,3956,11204,"SNR","SC",4,"SOC",58.2,20,NA
"633",12825,8765,3956,11204,"SNR","SC",15,"SOC",60.8,20,NA
"634",12826,8766,3957,11204,"SNR","SC",9,"SOC",35.9,20,NA
"635",12827,8767,3957,11204,"SNR","SC",4,"SOC",31.2,20,NA
"636",12828,8768,3957,11204,"SNR","SC",15,"SOC",36.4,20,NA
"637",12833,8769,243,3452,"SNR","PA/H",80,"soil_perC",3.8,10,NA
"638",12854,8775,410,7216,"PA","PA",0,"soil_perC",13.09,10,NA
"639",12851,8776,412,7216,"PA","PA",0,"soil_perC",6.97,10,NA
"640",12848,8777,13970,7216,"PA","PA",0,"soil_perC",10.46,10,NA
"641",12845,8778,13969,7216,"PA","PA",0,"soil_perC",11.58,10,NA
"642",12859,8779,2259,9643,"SNR","SC",40,"SOC",22.4,5,NA
"643",12913,8808,13972,6214,"SNR","C",0,"soil_perC",1.49,40,1.6
"644",12927,8813,13976,11503,"SNR","D",10,"SOC",29.8,10,NA
"645",12928,8814,13976,11503,"SNR","D",25,"SOC",32,10,NA
"646",12929,8814,13976,11503,"SNR","D",33,"SOC",32,10,NA
"647",12950,9145,3793,11282,"SNR","D",12,"SOC",37.7,30,NA
"648",12951,9146,3793,11282,"SNR","D",32,"SOC",42.4,30,NA
"649",12952,9147,3793,11282,"SNR","D",32,"SOC",38.3,30,NA
"650",12953,9148,3793,11282,"SNR","D",53,"SOC",40.7,30,NA
"651",12954,9149,3793,11282,"SNR","D",54,"SOC",43.8,30,NA
"652",12955,9150,3793,11282,"SNR","D",72,"SOC",37.3,30,NA
"653",12956,9151,3793,11282,"SNR","D",96,"SOC",42.7,30,NA
"654",5602,9152,3528,11293,"SNR","SC",1,"SOC",13,5,NA
"655",5605,9153,3528,11293,"SNR","SC",2,"SOC",10.1,5,NA
"656",5608,9154,3528,11293,"SNR","SC",5,"SOC",13.6,5,NA
"657",5611,9155,3528,11293,"SNR","SC",10,"SOC",12.6,5,NA
"658",5614,9156,3528,11293,"SNR","SC",15,"SOC",17.4,5,NA
"659",5617,9157,3528,11293,"SNR","SC",18,"SOC",20.3,5,NA
"660",5620,9158,3528,11293,"SNR","SC",40,"SOC",12.1,5,NA
"661",13078,9203,2161,2416,"SNR","C",63,"soil_perC",7.63,10,0.94
"662",13085,9205,2161,2416,"SNR","C",14,"soil_perC",1.08,27,1.22
"663",13087,9206,2161,2416,"SNR","C",63,"soil_perC",3.21,35,1.15
"664",13090,9207,2161,2416,"SNR","C",39,"soil_perC",1.97,25,1
"665",13092,9208,2161,2416,"SNR","C",14,"soil_perC",0.9,30,1.25
"666",13094,9209,2241,2963,"H","H",0,"SOC",29.3,30,NA
"667",13096,9209,2241,2963,"SNR","H",10,"SOC",28.9,30,NA
"668",13097,9209,2241,2963,"SNR","H",15,"SOC",28.5,30,NA
"669",13095,9209,2241,2963,"SNR","H",5,"SOC",28.7,30,NA
"670",13098,9210,2241,2963,"H","H",0,"SOC",26.2,30,NA
"671",13100,9210,2241,2963,"SNR","H",10,"SOC",30.1,30,NA
"672",13101,9210,2241,2963,"SNR","H",15,"SOC",24.9,30,NA
"673",13099,9210,2241,2963,"SNR","H",5,"SOC",29.9,30,NA
"674",13102,9211,2242,2963,"H","H",0,"SOC",29,30,NA
"675",13104,9211,2242,2963,"SNR","H",10,"SOC",31.3,30,NA
"676",13105,9211,2242,2963,"SNR","H",15,"SOC",33.5,30,NA
"677",13103,9211,2242,2963,"SNR","H",5,"SOC",33,30,NA
"678",13106,9212,2242,2963,"H","H",0,"SOC",26.9,30,NA
"679",13108,9212,2242,2963,"SNR","H",10,"SOC",31.4,30,NA
"680",13109,9212,2242,2963,"SNR","H",15,"SOC",31.7,30,NA
"681",13107,9212,2242,2963,"SNR","H",5,"SOC",31.2,30,NA
"682",13110,9213,2243,2963,"H","H",0,"SOC",41.8,30,NA
"683",13112,9213,2243,2963,"SNR","H",10,"SOC",50.2,30,NA
"684",13113,9213,2243,2963,"SNR","H",15,"SOC",70,30,NA
"685",13111,9213,2243,2963,"SNR","H",5,"SOC",43.5,30,NA
"686",13114,9214,2243,2963,"H","H",0,"SOC",40.5,30,NA
"687",13116,9214,2243,2963,"SNR","H",10,"SOC",51.9,30,NA
"688",13117,9214,2243,2963,"SNR","H",15,"SOC",56.4,30,NA
"689",13115,9214,2243,2963,"SNR","H",5,"SOC",42.8,30,NA
"690",13154,9215,13978,3217,"SNR","C",55,"soil_perC",3.26,20,1.12
"691",13157,9216,13979,3217,"SNR","C",95,"soil_perC",3.26,20,1.12
"692",13225,9279,2229,3871,"SNR","",35,"SOC",62.8,10,NA
"693",13233,9280,2229,3871,"SNR","",50,"SOC",67.1,10,NA
"694",13241,9281,2229,3871,"SNR","",68,"SOC",74.4,10,NA
"695",13246,9282,13978,4149,"SNR","C/PA",73,"soil_perC",6.85,20,0.85
"696",13250,9283,13978,4149,"SNR","PA",2,"soil_perC",4.24,20,1.12
"697",13254,9284,13979,4149,"SNR","C/PA",54,"soil_perC",11.52,20,0.66
"698",13258,9285,13979,4149,"SNR","PA",2,"soil_perC",7.85,20,0.92
"699",13266,9286,3826,4322,"SNR","",65,"SOC",56,10,NA
"700",13271,9287,13982,4395,"SNR","F",34,"SOC",2.2,15,NA
"701",13272,9288,2074,4457,"SNR","C",50,"soil_perC",6.87,15,0.89
"702",13315,9289,3575,4491,"SNR","H",37,"SOC",28.1,30,NA
"703",13316,9290,3575,4491,"SNR","H",40,"SOC",26.3,30,NA
"704",13317,9291,3575,4491,"SNR","H",48,"SOC",40.3,30,NA
"705",13318,9292,3575,4491,"SNR","H",58,"SOC",55.6,30,NA
"706",13319,9293,3575,4491,"SNR","H",63,"SOC",27.5,30,NA
"707",13320,9294,3575,4491,"SNR","H",64,"SOC",34.1,30,NA
"708",13321,9295,3575,4491,"SNR","H",71,"SOC",21.5,30,NA
"709",13322,9296,3575,4491,"SNR","H",74,"SOC",28.5,30,NA
"710",13323,9297,3575,4491,"SNR","H",83,"SOC",27.9,30,NA
"711",13324,9298,3575,4491,"SNR","H",85,"SOC",25.8,30,NA
"712",13325,9299,3575,4491,"SNR","H",94,"SOC",33.3,30,NA
"713",13326,9300,3575,4491,"SNR","H",99,"SOC",25.1,30,NA
"714",13339,9301,7575,4581,"SNR","C",80,"soil_perC",2.08,20,NA
"715",13340,9302,2271,4757,"SNR","C",40,"soil_perC",27.78,5,0.52
"716",13344,9303,2271,4757,"SNR","H",75,"soil_perC",17.84,7,0.67
"717",13350,9304,13986,4923,"PA","PA",0,"SOC",80.8,30,NA
"718",13349,9304,13986,4923,"SNR","PA",48,"SOC",52.9,30,NA
"719",13352,9305,13987,4923,"PA","PA",0,"SOC",84.5,30,NA
"720",13351,9305,13987,4923,"SNR","PA",47,"SOC",48,30,NA
"721",13354,9306,13988,4923,"PA","PA",0,"SOC",106.7,30,NA
"722",13353,9306,13988,4923,"SNR","PA",67,"SOC",72.6,30,NA
"723",13356,9307,13989,4923,"C","C",0,"SOC",59.8,30,NA
"724",13355,9307,13989,4923,"SNR","C",35,"SOC",97.7,30,NA
"725",13361,9308,3508,5152,"SNR","PA/H",48,"SOC",165.9,10,NA
"726",13368,9309,3508,5152,"SNR","PA/H",80,"SOC",222.5,10,NA
"727",13374,9310,13991,5317,"SNR","C",59,"soil_perC",16.34,10,1.04
"728",13490,9311,13990,5317,"SNR","C",37,"soil_perC",21.56,10,1.07
"729",13379,9312,13992,5997,"SNR","C",45,"soil_perC",3.26,20,1.08
"730",13380,9313,13993,5997,"SNR","C",50,"soil_perC",3.64,20,0.79
"731",13381,9314,13994,5997,"SNR","C",70,"soil_perC",4.82,20,0.8
"732",13382,9315,13995,5997,"SNR","C",100,"soil_perC",4.23,20,0.68
"733",13393,9316,2083,6521,"SNR","H",35,"soil_perC",2,20,1.4
"734",13394,9317,2083,6521,"SNR","D",45,"soil_perC",4.5,20,1.3
"735",13395,9318,41,6559,"SNR","PA",60,"SOC",97.8,10,NA
"736",13396,9319,41,6559,"SNR","PA",80,"SOC",106.9,10,NA
"737",13403,9320,14006,6803,"SNR","H/D",73,"SOC",95.1,10,NA
"738",13407,9321,41,6996,"SNR","PA",60,"SOC",98,100,NA
"739",13408,9322,41,6996,"SNR","PA",80,"SOC",107,100,NA
"740",13413,9324,3501,7582,"SNR","PA",97,"soil_perC",10.62,10,0.28
"741",13417,9325,3695,8167,"SNR","PA",37,"SOC",55.9,50,NA
"742",13423,9327,3566,8167,"SNR","PA",47,"SOC",60.8,50,NA
"743",13426,9328,3695,8167,"SNR","PA",54,"SOC",53.2,50,NA
"744",13429,9329,3566,8167,"SNR","PA",62,"SOC",82.1,50,NA
"745",13432,9330,13996,8474,"SNR","SC",45,"soil_perC",18,20,0.6
"746",13434,9331,13997,8474,"SNR","SC",75,"soil_perC",15,20,0.7
"747",13436,9332,13998,8474,"SNR","SC",100,"soil_perC",12.5,20,1.4
"748",13438,9333,13999,8474,"SNR","SC",45,"soil_perC",16.4,20,0.4
"749",13440,9334,14000,8474,"SNR","SC",75,"soil_perC",13.1,20,0.7
"750",13442,9335,14001,8474,"SNR","SC",100,"soil_perC",15.1,20,0.6
"751",13444,9336,14002,8474,"SNR","SC",45,"soil_perC",19.6,20,0.3
"752",13446,9337,14004,8474,"SNR","SC",100,"soil_perC",14,20,0.4
"753",13448,9338,14003,8474,"SNR","SC",75,"soil_perC",16.2,20,0.5
"754",13454,9342,3594,9017,"SNR","H",61,"SOC",273.4,50,NA
"755",13455,9343,3594,9017,"SNR","H",61,"SOC",325.8,50,NA
"756",13456,9344,3594,9017,"SNR","H",61,"SOC",356.5,50,NA
"757",13457,9345,2259,9199,"SNR","SC",40,"soil_perC",2.93,5,1.12
"758",13462,9348,2145,9835,"SNR","F",35,"SOC",93.6,10,NA
"759",13467,9349,2145,9835,"SNR","F",55,"SOC",84.7,10,NA
"760",13471,9350,3774,9956,"SNR","H",40,"SOC",184,40,NA
"761",13486,9352,2081,10854,"SNR","C",37,"soil_perC",0.93,15,1.4
"762",13487,9353,2081,10854,"SNR","C",55,"soil_perC",1.09,15,1.29
"763",13488,9354,2081,10854,"SNR","C",62,"soil_perC",1.66,15,1.26
"764",13504,9355,2082,390,"SNR","C",10,"SOC",33.6,15,NA
"765",13505,9356,2082,390,"SNR","C",10,"SOC",36.5,15,NA
"766",13506,9357,2082,390,"SNR","C",10,"SOC",40.8,15,NA
"767",13507,9358,2082,390,"SNR","C",10,"SOC",41.6,15,NA
"768",13508,9359,2082,390,"SNR","C",10,"SOC",44.9,15,NA
"769",13509,9360,2082,390,"SNR","C",10,"SOC",47.3,15,NA
"770",13510,9361,2082,390,"SNR","C",29,"SOC",52.5,15,NA
"771",13511,9362,2082,390,"SNR","C",29,"SOC",55.2,15,NA
"772",13512,9363,2082,390,"SNR","C",29,"SOC",58.4,15,NA
"773",13513,9364,2082,390,"SNR","C",29,"SOC",84.6,15,NA
"774",13514,9365,2082,390,"SNR","C",29,"SOC",89.8,15,NA
"775",13515,9366,2082,390,"SNR","C",29,"SOC",94.6,15,NA
"776",13516,9367,2082,390,"SNR","C",54,"SOC",116,15,NA
"777",13517,9368,2082,390,"SNR","C",54,"SOC",114.9,15,NA
"778",13518,9369,2082,390,"SNR","C",54,"SOC",97.7,15,NA
"779",13519,9370,2082,390,"SNR","C",54,"SOC",85.1,15,NA
"780",13520,9371,2082,390,"SNR","C",54,"SOC",84.1,15,NA
"781",13521,9372,2082,390,"SNR","C",54,"SOC",75,15,NA
"782",1026,9376,3651,2148,"SNR","",5,"soil_perC",6.011,10,1.36
"783",179,9377,2153,557,"PA","PA",0,"SOC",71.7,30,NA
"784",177,9378,2153,557,"PA","PA",0,"SOC",57.6,30,NA
"785",175,9379,2153,557,"PA","PA",0,"SOC",48.3,30,NA
"786",186,9380,2153,557,"SNR","PA",20,"SOC",47.9,30,NA
"787",185,9381,2153,557,"SNR","PA",20,"SOC",42.4,30,NA
"788",194,9382,2153,557,"SNR","PA",34,"SOC",37.2,30,NA
"789",195,9383,2153,557,"SNR","PA",34,"SOC",44.8,30,NA
"790",196,9384,2153,557,"SNR","PA",34,"SOC",50,30,NA
"791",197,9385,2153,557,"SNR","PA",34,"SOC",61.8,30,NA
"792",201,9386,2153,557,"SNR","PA",47,"SOC",68.6,30,NA
"793",202,9387,2153,557,"SNR","PA",47,"SOC",75,30,NA
"794",203,9388,2153,557,"SNR","PA",47,"SOC",87.9,30,NA
"795",180,9389,2153,557,"PA","PA",0,"SOC",75.7,30,NA
"796",181,9390,2153,557,"PA","PA",0,"SOC",82.7,30,NA
"797",2317,9391,41,6996,"SNR","PA",10,"SOC",147,100,NA
"798",2318,9392,41,6996,"SNR","PA",20,"SOC",112,100,NA
"799",2319,9393,41,6996,"SNR","PA",30,"SOC",100,100,NA
"800",3589,9395,2261,10007,"SNR","C",4,"SOC",270,2.5,NA
"801",3596,9396,2261,10007,"SNR","C/PA",8,"SOC",140,2.5,NA
"802",5718,9413,2391,11305,"SNR","PA",99,"SOC",58.7,20,NA
"803",5719,9414,2391,11305,"SNR","PA",99,"SOC",45.2,20,NA
"804",5720,9415,2391,11305,"SNR","PA",99,"SOC",33.1,70,NA
"805",5721,9416,2391,11305,"SNR","PA",99,"SOC",31.2,70,NA
"806",13563,9417,3651,2148,"SNR","",5,"soil_perC",6.17,10,1.34
"807",13573,9418,3651,2148,"SNR","",30,"soil_perC",13.276,10,0.91
"808",1521,9419,397,4404,"SNR","SC",15,"soil_perC",8.1,40,NA
"809",13489,9420,397,4404,"SNR","SC",75,"soil_perC",8.9,40,NA
"810",13503,9421,397,4404,"SNR","SC",45,"soil_perC",11,40,NA
"811",1031,9422,3651,2148,"SNR","",30,"soil_perC",9.68,10,1.25
"812",13558,9423,3651,2148,"SNR","",5,"soil_perC",7.355,10,1.26
"813",13568,9424,3651,2148,"SNR","",30,"soil_perC",11.525,10,1.12
"814",9426,9425,3651,2148,"SNR","",5,"soil_perC",6.17,10,1.34
"815",15477,9426,3651,2148,"SNR","",30,"soil_perC",13.276,10,0.91
"816",3444,9427,3781,9813,"SNR","D",7,"soil_perC",4.68,15,NA
"817",3447,9428,3781,9813,"SNR","D",11,"soil_perC",4.06,15,NA
