checked,study.id,IPCC ,Soil,citations.author,citations.year,Code2,Count,citations.journal,citations.title,Entered,citations.notes,data remaining,ForCdb,Poorter,Bonner
SL,150,2,0,Myster,2017,yes,1,NEW ZEALAND JOURNAL OFFORESTRYSCIENCE 47:3,Gradient (elevation) vs. disturbance (agriculture) effects on primary cloud forest in Ecuador: floristics and physical structure,3/16/2018,,,,,
SL,222,2,1,Salinas-Melgoza,2017,yes,1,SILVA FENNICA 51:1-25,Carbon emissions from dryland shifting cultivation: a case study of Mexican tropical dry forest,3/16/2018,Did not extract old fallow since it had ambiguous age,,,,
SL,246,1,1,Fujiki,2017,yes,1,JOURNAL OF TROPICAL ECOLOGY 33:33-49,Plant communities and ecosystem processes in a succession-altitude matrix after shifting cultivation in the tropical montane forest zone of northern Borneo,3/17/2018,,,,,
SL,270,0,0,Ali,2017,yes,1,Science of Total Environment,Community-weighted mean of leaf traits and divergence of wood traits predict aboveground biomass in secondary subtropical forests,3/17/2018,"SI data. Measured trees greater than 1.5m tall, no stated dbh cut-off.",,,,
SL,390,0,1,Yang,2016,yes,1,SCIENTIFIC REPORTS -0.25 ,"Soil organic carbon accumulation during post-agricultural succession in a karst area, southwest China",3/19/2018,soil only,,,,
SL,414,0,0,Yazaki,2016,yes,1,FORESTS 7:-,Biomass Accumulation and Net Primary Production during the Early Stage of Secondary Succession after a Severe Forest Disturbance in Northern Japan,3/19/2018,,,,,
SL,557,0,1,Paz,2016,yes,1,FOREST ECOLOGY AND MANAGEMENT376:74-83,Soil types influence predictions of soil carbon stock recovery in tropical secondary forests,3/19/2018,soil only,,,,
SL,661,1,0,Chan,2016,yes,1,MOUNTAIN RESEARCH AND DEVELOPMENT 36:320-331,The Transition Away From Swidden Agriculture and Trends in Biomass Accumulation in Fallow Forests,3/19/2018,did not extract soil inorganic carbon,,,,
SL,851,0,1,Zhang,2016,yes,1,ECOLOGICAL ENGINEERING 91:574-581 ,The coupling interaction of soil water and organic carbon storage in the long vegetation restoration on the Loess Plateau,3/21/2018,"soil only, SNR",,,,
SL,856,2,0,Silva,2016,yes,1,ACTA AMAZONICA 46:133-150 ,Floristic and structure of an Amazonian primary forest and a chronosequence of secondary succession,3/22/2018,,,,,
SL,995,0,1,Wang,2016,yes,1,JOURNAL OF ARID LAND8:207-220,Dynamics of ecosystem carbon stocks during vegetation restoration on the Loess Plateau of China,3/22/2018,Did not extract chronosequence 2 = ITP,,,,
SL,1000,0,0,Ishihara,2016,yes,1,PLOS ONE 11:e0152219,A New Model for Size-Dependent Tree Growth in Forests,3/22/2018,"data are in the supplement, at individual tree level but assuming that they are measuring all trees in a plot",,,,
SL,1008,1,0,Otuoma,2016,yes,1,FOREST ECOLOGY AND MANAGEMENT 365:61-68,Determinants of aboveground carbon offset additionality in plantation forests in a moist tropical forest in western Kenya,3/22/2018,,,,,
SL,1026,2,0,Spracklen,2016,yes,1,FOREST ECOLOGY AND MANAGEMENT 364:139-144,Carbon storage and sequestration of re-growing montane forests in southern Ecuador,3/23/2018,,,,,
SL,1031,1,0,Mukul,2016,yes,1,SCIENTIFIC REPORTS 6:22483,Tropical secondary forests regenerating after shifting cultivation in the Philippines uplands are important carbon sinks,3/19/2018,"prioritized data from here over other Mukul paper, see 427",,,,
SL,1097,2,0,Poorter,2016,yes,1,NATURE 530:211-+  ,Biomass resilience of Neotropical secondary forests,8/2/2017," Included unpublished data here, but other data under the original citation. Excluded Quintana Roo and Pucallpa, because not in supplementary data nor with forest age or citation. Plot size is average described in Poorter 2016",,,,
SL,1222,0,1,Aosaar,2016,yes,1,SILVA FENNICA 50,Biomass production and nitrogen balance of naturally afforested silver birch (Betula pendula Roth.) stand in Estonia,3/23/2018,,,,,
SL,1394,0,1,Huang,2015,yes,1,TROPICAL CONSERVATION SCIENCE 8:1033-1052,Changes in the diversity of evergreen and deciduous species during natural recovery following clear-cutting in a subtropical evergreen-deciduous broadleaved mixed forest of central China,3/23/2018,"extracted the soil data, basal area for trees",,,,
SL,1436,1,0,McNicol,2015,yes,1,FOREST ECOLOGY AND MANAGEMENT 357:104-116,Development of allometric models for above and belowground biomass in swidden cultivation fallows of Northern Laos,3/23/2018,,,,,
SL,1599,0,1,Zhao,2015,yes,1,CATENA 133:303-308  ,"Soil organic carbon fractions and sequestration across a 150-yr secondary forest chronosequence on the Loess Plateau, China",3/23/2018,,,,,
SL,1636,2,1,Robinson,2015,yes,1,BIODIVERSITY AND CONSERVATION 24:2273-2291,Factors influencing early secondary succession and ecosystem carbon stocks in Brazilian Atlantic Forest,3/26/2018,,,,,
SL,1819,2,0,Wandelli,2015,yes,1,FOREST ECOLOGY AND MANAGEMENT 347:140-148,Secondary vegetation in central Amazonia: Land-use history effects on aboveground biomass,3/26/2018,,,,,
SCC,1879,0,1,Zhang,2015,yes,1,PLANT AND SOIL 391:77-91,Changes in nitrogen and phosphorus limitation during secondary succession in a karst region in southwest China,3/26/2018,SNR,,,,
SL,1945,0,0,Fortier,2015,yes,1,JOURNAL OF ENVIRONMENTAL MANAGEMENT 154:333-345,"Biomass carbon, nitrogen and phosphorus stocks in hybrid poplar buffers, herbaceous buffers and natural woodlots in the riparian zone on agricultural land",3/27/2018,riparian buffer,"secondary forest, age 54,72,200 and 9 year old hybrid poplar plantations",,,
SCC,2058,0,1,Chen,2015,yes,1,FORESTS 6:794-808  ,"Carbon Storage and Allocation Pattern in Plant Biomass among Different Forest Plantation Stands in Guangdong, China",3/27/2018,"only took year 6 data, naturally recovered shrubland",MP and DP remaining,,,
SCC,2148,0,1,Li,2015,yes,1,IFOREST-BIOGEOSCIENCES AND FORESTRY 8:45-52,Estimating changes in soil organic carbon storage due to land use changes using a modified calculation method,3/27/2018,soil only,"old growth forest > 200 yrs, rubber plantation",,,
SCC,2161,2,0,Martinez-Sanchez,2015,yes,1,ECOSCIENCE 22:125-131  ,Relationship between structural diversity and carbon stocks in humid and sub-humid tropical forest of Mexico,3/27/2018,,,,,
SCC,2236,0,1,Marques,2015,yes,1,REVISTA BRASILEIRA DE CIENCIADO SOLO 39:232-242,DISTRIBUTION OF ORGANIC CARBON IN DIFFERENT SOIL FRACTIONS IN ECOSYSTEMS OF CENTRAL AMAZONIA,3/27/2018,"soil only, took pasture and secondary succession data",multistrata agroforestry,,,
SL,2244,0,0,Bertolin,2015,yes,1,FIRE ECOLOGY 11:32-54 ,"FIRE EMISSIONS AND CARBON UPTAKE IN SEVERELY BURNED LENGA BEECH (NOTHOFAGUS PUMILIO) FORESTS OF PATAGONIA, ARGENTINA",3/28/2018,,secondary forest aged 37,,,
SL,2255,0,0,Hytonen,2015,yes,1,SILVA FENNICA 49:1-16,Biomass production of coppiced grey alder and the effect of fertilization,3/28/2018,data shown as mean across fertilizer treatments,,,,
SCC,2287,2,0,Atkinson,2015,yes,1,FOREST ECOLOGY AND MANAGEMENT 335:270-280,"Land use legacy effects on structure and composition of subtropical dry forests in St. Croix, US Virgin Islands",3/29/2018,,,,,
SCC,2298,2,0,Mora,2014,yes,1,BIOTROPICA 47:38-48  ,Testing Chronosequences through Dynamic Approaches: Time and Site Effects on Tropical Dry Forest Succession,8/2/2017,"Used data from Poorter 2016, Rozendaal 2017, Good one to cite for comparing chrono & repeat; assuming that Poorter extracted only data >5 cm dbh and for year 2004 (not 2007, 2010)",,,1,
SCC,2382,2,1,Jacobi,2014,yes,1,AGROFORESTRY SYSTEMS 88:1117-1132 ,"Carbon stocks, tree diversity, and the role of organic certification in different cocoa production systems in Alto Beni, Bolivia",3/29/2018,,"TMC, MS",,,
SCC,2416,0,1,Novak,2014,yes,1,CATENA 123:88-98  ,"Soil and vegetation transformation in abandoned vineyards of the Tokaj Nagy-Hill, Hungary",3/29/2018,soil only  SNR,,,,
SCC,2542,0,1,Guidi,2014,yes,1,FOREST ECOLOGY AND MANAGEMENT 328:103-116,Changes in soil organic carbon and nitrogen following forest expansion on grassland in the Southern Alps,3/29/2018,,,,,
SCC,2735,0,1,Viana,2014,yes,1,SOIL & TILLAGE RESEARCH 140:1-7,Soil quality indicators for different restoration stages on Amazon rainforest,3/29/2018,,ANR,,,
SCC,2771,2,0,Becknell,2014,yes,1,CANADIAN JOURNAL OF FOREST RESEARCH 44:604-613,Stand age and soils as drivers of plant functional traits and aboveground biomass in secondary tropical dry forest,9/21/2017,,,1,,
SCC,2850,2,0,Costa,2014,yes,1,PLANT AND SOIL 378:113-123,Root and shoot biomasses in the tropical dry forest of semi-arid Northeast Brazil,3/29/2018,,,,,
SCC,2963,0,1,Kurth,2014,yes,1,SOIL SCIENCE SOCIETY OF AMERICA JOURNAL 78:624-633,Fifteen-Year Patterns of Soil Carbon and Nitrogen Following Biomass Harvesting,3/29/2018,soil only,,,,
SCC,3017,2,1,Broadbent,2014,yes,1,PLOS ONE 9:e86042,Integrating Stand and Soil Properties to Understand Foliar Nutrient Dynamics during Forest Succession Following Slash-and-Burn Agriculture in the Bolivian Amazon,7/11/2017,"Also in Anderson-Teixeira 2016 but took Poorter data; Biomass estimates included live and dead, but Poorter only extracted live and sticking with most recent re-analysis",,1,1,
SCC,3037,1,0,Bu,2014,yes,1,ACTA OECOLOGICA 55:1-7  ,Field observed relationships between biodiversity and ecosystem functioning during secondary succession in a tropical lowland rainforest,3/30/2018,,,,,
NA,3120,0,0,Wei,2014,yes,1,PHYTON-INTERNATIONAL JOURNAL OF EXPERIMENTALBOTANY83:213-223,"The nutrient accumulation pattern and cycling in natural secondary forests in North China. A case study from the Caijiachuan watershed, Shanxi Province",3/30/2018,link is no longer available so was unable to double check entry; http://www.scielo.org.ar/img/revistas/phyton/v83n2/html/v83n2a01.htm,,,,
SCC,3217,0,1,Deng,2014,yes,1,SOIL RESEARCH 52:262-270 ,"Long-term natural succession improves nitrogen storage capacity of soil on the Loess Plateau, China",3/30/2018,soil only may be duplicative,,,,
SCC,3452,2,1,Batterman,2013,yes,1,NATURE 502:224-+  ,Key role of symbiotic dinitrogen fixation in tropical forest secondary succession,3/30/2018,,,,,
SCC,3504,0,1,Kalinina,2013,yes,1,GEODERMA 207:221-233  ,"Self-restoration of post-agrogenic Albeluvisols: Soil development, carbon stocks and dynamics of carbon pools",4/25/2018,,,,,
SCC,3510,1,0,Kalaba,2013,yes,1,FOREST ECOLOGY AND MANAGEMENT 304:99-109,"Floristic composition, species diversity and carbon storage in charcoal and agriculture fallows and management implications in Miombo woodlands of Zambia",3/30/2018,,,,,
SL,3514,1,0,Chan,2013,yes,1,FOREST ECOLOGY AND MANAGEMENT304:427-436,"Establishment of allometric models and estimation of biomass recovery of swidden cultivation fallows in mixed deciduous forests of the Bago Mountains, Myanmar",3/30/2018,Understory biomass includes bamboo trees,,1,,
SCC,3586,2,0,Pena,2013,yes,1,FOREST ECOLOGY AND MANAGEMENT 302:54-61,"Patterns of stocks of aboveground tree biomass, dynamics, and their determinants in secondary Andean forests",3/30/2018,,,,,
SCC,3646,0,1,Wei,2013,yes,1,FOREST ECOLOGY AND MANAGEMENT 300:60-67,Restoring ecosystem carbon sequestration through afforestation: A sub-tropic restoration case study,3/30/2018,,ITP ,,,
SCC,3701,1,0,Giday,2013,yes,1,JOURNAL OF ARID ENVIRONMENTS 94:80-86,"Wood biomass functions for Acacia abyssinica trees and shrubs and implications for provision of ecosystem services in a community managed exclosure in Tigray, Ethiopia",3/30/2018,,,,,
SCC,3748,2,1,de Aguiar,2013,yes,1,AGROFORESTRY SYSTEMS 87:699-711 ,Does biomass production depend on plant community diversity?,3/30/2018,,other reforestation types,,,
SCC,3773,2,1,Orihuela-Belmonte,2013,yes,1,AGRICULTURE ECOSYSTEMS & ENVIRONMENT171:72-84,"Carbon stocks and accumulation rates in tropical secondary forests at the scale of community, landscape and forest type",3/30/2018,"In Anderson-Teixeira 2016, but that dataset mixes carbon and biomass numbers. Used average %C to calculate carbon. In Poorter 2016, but extracted original data because original also had other carbon pools and the two were not directly comparable so I could not keep Poorter ABG estimates",,1,1,
SCC,3871,0,1,Li,2013,yes,1,FORESTRY CHRONICLE 89:191-197 ,Carbon and nitrogen distribution across a chronosequence of secondary lacebark pine in China,3/30/2018,,,,,
,3953,0,0,Zhang,2013,yes,1,SOIL BIOLOGY & BIOCHEMISTRY57:803-813,"Linking litter production, quality and decomposition to vegetation succession following agricultural abandonment",3/30/2018,,>40 year forests,,,
SCC,4045,0,1,Armolaitis,2013,yes,1,ZEMDIRBYSTE-AGRICULTURE 100:227-234  ,Stability of soil organic carbon in agro and forest ecosystems on Arenosol,3/30/2018,soil only,other reforestation types,,,
SCC,4149,0,1,Fortier,2013,yes,1,SPRINGERPLUS 2:539,"Root biomass and soil carbon distribution in hybrid poplar riparian buffers, herbaceous riparian buffers and natural riparian woodlots on farmland",3/30/2018,,,,,
SCC,4241,2,0,Martins,2012,yes,1,JOURNAL OF TROPICAL ECOLOGY 28:591-601,Effects of fire on above-ground forest biomass in the northern Brazilian Amazon,3/30/2018,,,,,
SCC,4262,1,0,Raharimalala,2012,yes,1,JOURNAL OF TROPICAL FORESTSCIENCE 24:474-489,"QUANTIFYING BIOMASS OF SECONDARY FOREST AFTER SLASH-AND-BURN CULTIVATION IN CENTRAL MENABE, MADAGASCAR",3/30/2018,,,,,
SCC,4322,0,1,Cao,2012,yes,1,ECOLOGICAL RESEARCH 27:883-892 ,Pattern of carbon allocation across three different stages of stand development of a Chinese pine (Pinus tabulaeformis) forest,3/30/2018,,,,,
SCC,4395,0,1,Ross,2012,yes,1,ECOSYSTEMS 15:725-740  ,Ecosystem Carbon Remains Low for Three Decades Following Fire and Constrains Soil CO2 Responses to Precipitation in Southwestern Ponderosa Pine Forests,3/31/2018,,,,,
SCC,4404,0,1,Bautista-Cruz,2012,yes,1,FOREST ECOLOGY AND MANAGEMENT 277:74-80,Selection and interpretation of soil quality indicators for forest recovery after clearing of a tropical montane cloud forest in Mexico,3/31/2018,,,,,
SCC,4457,0,1,Zhu,2012,yes,1,EUROPEAN JOURNAL OF SOIL BIOLOGY 51:1-7,"Interactions of vegetation succession, soil bio-chemical properties and microbial communities in a Karst ecosystem",3/31/2018,,35 and older,,,
SL,4476,0,0,Huffman,2012,yes,1,FOREST ECOLOGY AND MANAGEMENT274:29-37,Influence of time since fire on pinyon-juniper woodland structure,3/31/2018,,older than 30 years,,,
SCC,4491,0,1,Powers,2012,yes,1,ECOLOGICAL APPLICATIONS 22:1297-1307 ,Carbon stocks across a chronosequence of thinned and unmanaged red pine (Pinus resinosa) stands,4/2/2018,only extracted data from unthinned stands,,,,
SCC,4581,0,1,Wang,2012,yes,1,CATENA 92:186-195  ,"Changes in soil nutrient and enzyme activities under different vegetations in the Loess Plateau area, Northwest China",5/7/2018,,,,,
SCC,4757,0,1,Gamboa,2012,yes,1,GEODERMA 170:390-402  ,Land-use/cover change effects and carbon controls on volcanic soil profiles in highland temperate forests,4/4/2018,"soil only, pulled all young forest data and that from current crop and grassland",,,,
SCC,4772,0,1,Koul,2012,yes,1,ANNALS OF FOREST RESEARCH 55:253-264,"Soil carbon buildup and bioeconomics of different lanuduses in humid subtropics of West Bengal, India",4/4/2018,"soil only, no sample date so age of forests beyond 15 year old is unclear, took data from STOCK not INVENTORY (units?)","other reforestation types, natural Shorea forest",,,
SL,4810,0,0,Carswell,2012,yes,1,NEW ZEALAND JOURNAL OFECOLOGY36:191-202,Carbon and plant diversity gain during 200 years of woody succession in lowland New Zealand,4/4/2018,,,,,
SCC,4833,0,1,Danquah,2012,yes,1,INTERNATIONAL JOURNAL OF AGRICULTURE AND BIOLOGY 14:321-328,Effect of African Mahogany Species on Soil Chemical Properties in Degraded Dry Semi-deciduous Forest Ecosystems in Ghana,4/4/2018,"SNR, DP",DP,,,
SCC,4839,2,0,Hilje,2012,yes,1,Tropical Conservation Science 5:25-37,Calling activity of the common tink frog (Diasporus diastema) (Eleutherodactylidae) in secondary forests of the Caribbean of Costa Rica,5/4/2018,from Meli 2017,,,,
SCC,4869,0,1,Cuesta,2012,yes,1,ACTA OECOLOGICA-INTERNATIONAL JOURNAL OF ECOLOGY 38:58-65  ,Soil chemical properties in abandoned Mediterranean cropland after succession and oak reforestation,4/4/2018,,,,,
SCC,4923,0,1,Alberti,2011,yes,1,REGIONAL ENVIRONMENTAL CHANGE 11:917-924,Impact of woody encroachment on soil organic carbon and nitrogen in abandoned agricultural lands along a rainfall gradient in Italy,4/4/2018,Soil only,,,,
SCC,5152,0,1,Zhang,2011,yes,1,FOREST ECOLOGY AND MANAGEMENT 262:361-369,"Links between plant diversity, carbon stocks and environmental factors along a successional gradient in a subalpine coniferous forest in Southwest China",4/4/2018,,,,,
,5196,0,0,Brearley,2011,yes,1,JOURNAL OF TROPICAL ECOLOGY27:413-420,Below-ground secondary succession in tropical forests of Borneo,4/5/2018,,older forests,,,
SCC,5252,0,1,Pang,2011,yes,1,SOIL USE AND MANAGEMENT 27:213-220,The effects of clear-felling subalpine coniferous forests on soil physical and chemical properties in the eastern Tibetan Plateau,4/7/2018,soil only  SNR,,,,
SCC,5278,2,1,Neumann-Cosel,2011,yes,1,FOREST ECOLOGY AND MANAGEMENT 261:1625-1633,Soil carbon dynamics under young tropical secondary forests on former pastures-A case study from Panama,4/5/2018,,,,,
SCC,5307,NA,0,d'Oliveira,2011,yes,1,FOREST ECOLOGY AND MANAGEMENT 261:1490-1498,Forest natural regeneration and biomass production after slash and burn in a seasonally dry forest in the Southern Brazilian Amazon,5/16/2018,,,,,
SCC,5317,0,1,Kalinina,2011,yes,1,GEODERMA 162:196-206  ,"Self-restoration of post-agrogenic chernozems of Russia: Soil development, carbon stocks, and dynamics of carbon pools",4/7/2018,soil only,,,,
SCC,5380,2,0,Hernandez-Stefanoni,2011,yes,1,LANDSCAPE ECOLOGY 26:355-370 ,Influence of landscape structure and stand age on species density and biomass of a tropical dry forest across spatial scales,4/8/2018,"no units on biomass, so guessing g/m2 given magnitude",,,,
SL,5457,0,0,Goulden,2011,yes,1,GLOBAL CHANGE BIOLOGY 17:855-871,"Patterns of NPP, GPP, respiration, and NEP during boreal forest succession",4/25/2018,,,1,,
SCC,5479,1,0,Omeja,2011,yes,1,TROPICAL CONSERVATION SCIENCE 4:287-299,Fire control as a simple means of promoting tropical forest restoration,4/9/2018,,,,,
SCC,5599,1,1,Mekuria,2011,yes,1,SOIL SCIENCE SOCIETY OFAMERICAJOURNAL75:246-256,"Restoration of Ecosystem Carbon Stocks Following Exclosure Establishment in Communal Grazing Lands in Tigray, Ethiopia",4/9/2018,,,,,
SCC,5641,2,0,Mendoza-Ponce,2010,yes,1,FORESTRY 83:497-506  ,Aboveground and belowground biomass and carbon pools in highland temperate forest landscape in Central Mexico,4/9/2018,"did not extract shrub data (no age), used grasslands for zero point (though they are also abandoned lands), and excluded G2 = natural grassland at highest altitude",,,,
SCC,5747,0,1,Li,2010,yes,1,PLANT AND SOIL 335:245-253,Effect of conversion of sugarcane plantation to forest and pasture on soil carbon in Hawaii,4/9/2018,soil only,,,,
SL,5848,1,0,Kenzo,2010,yes,1,FOREST ECOLOGY AND MANAGEMENT260:875-882,"Changes in above- and belowground biomass in early successional tropical secondary forests after shifting cultivation in Sarawak, Malaysia",9/15/2017,"Show data point for yr 11, but can't find description in text so unclear which chronosequence it belongs to",,1,,1
SCC,5876,2,0,Siddique,2010,yes,1,ECOLOGY 91:2121-2131  ,Nitrogen and phosphorus additions negatively affect tree species diversity in tropical forest regrowth trajectories,4/9/2018,control data only,,,,
SCC,5891,0,0,Ohtsuka,2010,yes,1,JOURNAL OF PLANT RESEARCH123:393-401,Carbon cycling and net ecosystem production at an early stage of secondary succession in an abandoned coppice forest,4/25/2018,soil data not shown,,,,
SCC,5962,0,1,Luan,2010,yes,1,GEODERMA 156:228-236  ,"Assessments of the impacts of Chinese fir plantation and natural regenerated forest on soil organic matter quality at Longmen mountain, Sichuan, China",4/9/2018,,,,,
SCC,5997,0,1,Zhang,2010,yes,1,FOREST ECOLOGY AND MANAGEMENT 259:2036-2047,"Vegetation community and soil characteristics of abandoned agricultural land and pine plantation in the Qinling Mountains, China",4/9/2018,"soil only MP, SNR",,,,
SL,6058,1,0,Tran,2010,yes,1,FOREST ECOLOGY AND MANAGEMENT259:1650-1659,Recovery process of a mountain forest after shifting cultivation in Northwestern Vietnam,9/15/2017,ABG includes understory!,,1,,1
SCC,6214,NA,1,Huang,2010,yes,1,JOURNAL OF ENVIRONMENTAL SCIENCES 22:1765-1773,Response of runoff and soil loss to reforestation and rainfall type in red soil region of southern China,5/16/2018,,"ITP, MP",,,
SCC,6412,0,1,Eaton,2009,yes,1,FOREST ECOLOGY AND MANAGEMENT 258:949-958,Loss of carbon sequestration potential after several decades of shifting cultivation in the Southern Yucatan,4/10/2018,"aboveground biomass from Read and Lawrence 2003, not duplicated here, pulled data from Table 2 because otherwise couldn't link site to data point and they had a wide percipitation gradient",older forest,,,
SL,6413,2,0,Powers,2009,yes,1,FOREST ECOLOGY AND MANAGEMENT258:959-970,Diversity and structure of regenerating tropical dry forests in Costa Rica: Geographic patterns and environmental drivers,8/3/2017,Did not extract soil data (only 0-10cm & does not provide estimates for different aged stands),,,1,
SCC,6416,0,1,Mitchell,2009,yes,1,BIOGEOCHEMISTRY 95:215-229  ,N-2 fixing alder (Alnus viridis spp. fruticosa) effects on soil properties across a secondary successional chronosequence in interior Alaska,4/25/2018,,,,,
SL,6420,2,0,Letcher,2009,yes,1,BIOTROPICA 41:608-617  ,"Rapid Recovery of Biomass, Species Richness, and Species Composition in a Forest Chronosequence in Northeastern Costa Rica",8/4/2017,"Also in Anderson-Teixeira 2016 but opted for data from Poorter 2016, also in Hilje 2012",older forest,1,1,1
SCC,6450,0,1,Kalinina,2009,yes,1,GEODERMA 152:35-42  ,"Self-restoration of post-agrogenic sandy soils in the southern Taiga of Russia: Soil development, nutrient status, and carbon dynamics",4/25/2018,,,,,
SCC,6521,0,1,Yan,2009,yes,1,PLANT AND SOIL 320:181-194,Temporal patterns of net soil N mineralization and nitrification through secondary succession in the subtropical forests of eastern China,4/10/2018,"soil only, SNR",older forests,,,
SCC,6559,0,1,Marin-Spiotta,2009,yes,1,GLOBAL CHANGE BIOLOGY 15:1584-1597,Soil organic matter dynamics during 80 years of reforestation of tropical pastures,4/10/2018,soil only,,,,
SL,6576,0,0,Shoch,2009,yes,1,WETLANDS 29:535-542  ,"CARBON STORAGE OF BOTTOMLAND HARDWOOD AFFORESTATION IN THE LOWER MISSISSIPPI VALLEY, USA",4/11/2018,"duplicates Baker 1998 MS thesis, drawing in data here","plantations, ITP",,,
SCC,6588,1,1,Vargas,2009,yes,1,BIOTROPICA 41:302-311  ,Effects of Vegetation Thinning on Above- and Belowground Carbon in a Seasonally Dry Tropical Forest in Mexico,4/11/2018,ANR data remain,,,,
SCC,6701,0,1,van der Kamp,2009,yes,1,GEODERMA 149:76-83  ,"Soil carbon changes upon secondary succession in Imperata grasslands (East Kalimantan, Indonesia)",4/11/2018,"soil only, did not collect data on ""stands burned before 2003""",,,,
SCC,6803,0,1,Tang,2009,yes,1,GLOBAL CHANGE BIOLOGY 15:145-155,Soil carbon fluxes and stocks in a Great Lakes forest chronosequence,4/11/2018,soil only,,,,
SCC,6887,1,0,Slik,2008,yes,1,OECOLOGIA 158:579-588  ,"Tree diversity, composition, forest structure and aboveground biomass dynamics after single and repeated fire in a Bornean rain forest",4/11/2018, did not collect unburned data,,,,
SCC,6952,0,0,Koul,2008,yes,1,CURRENT SCIENCE 95:658-663 ,Prioritizing land-management options for carbon sequestration potential,4/12/2018,,,,,
SCC,6996,0,1,Ostertag,2008,yes,1,ECOSYSTEMS 11:701-714  ,Litterfall and decomposition in relation to soil carbon pools along a secondary forest chronosequence in Puerto Rico,4/12/2018,did not extract tree data - duplicates data form Marin-Spiotta 2007,,,,
SCC,7005,0,1,Tian,2008,yes,1,JOURNAL OF FOREST RESEARCH 13:205-214,"Microbial biomass and activity along a natural pH gradient in forest soils in a karst region of the upper Yangtze River, China",4/12/2018,SNR,,,,
SL,7037,2,0,Lebrija-Trejos,2008,yes,1,BIOTROPICA 40:422-431  ,Successional change and resilience of a very dry tropical deciduous forest following shifting agriculture,8/3/2017,"Rozendaal 2017 reanalyzed data but numbers are too abstracted. Used Poorter 2016 data, but note that the years in Poorter do not align with original so did not extract density numbers",,,1,
SL,7176,1,0,Fukushima,2008,yes,1,FOREST ECOLOGY AND MANAGEMENT255:1994-2006,Secondary forest succession after the cessation of swidden cultivation in the montane forest area in Northern Thailand,4/13/2018,,,1,,1
SCC,7212,0,1,Zheng,2008,yes,1,FOREST ECOLOGY AND MANAGEMENT 255:1113-1121,Variation of carbon storage by different reforestation types in the hilly red soil region of southern China,4/13/2018,"MP, SNR",MP,,,
SCC,7216,2,1,Schedlbauer,2008,yes,1,FOREST ECOLOGY AND MANAGEMENT 255:1326-1335,Soil carbon dynamics in a chronosequence of secondary forests in northeastern Costa Rica,4/13/2018,,,,,
SCC,7276,1,1,Williams,2008,yes,1,FOREST ECOLOGY AND MANAGEMENT254:145-155,Carbon sequestration and biodiversity of re-growing miombo woodlands in Mozambique,4/13/2018,did not try to line up pools within an age,,,,
SCC,7280,0,1,Yamashita,2008,yes,1,FOREST ECOLOGY AND MANAGEMENT254:362-370,"Soil changes induced by Acacia mangium plantation establishment: Comparison with secondary forest and Imperata cylindrica grassland soils in South Sumatra, Indonesia",4/13/2018,soil only,,,,
SCC,7333,2,1,Vasconcelos,2008,yes,1,JOURNAL OF TROPICAL ECOLOGY 24:27-38,"Effects of seasonality, litter removal and dry-season irrigation on litterfall quantity and quality in eastern Amazonian forest regrowth, Brazil",4/13/2018,soil only SNR,,,,
SCC,7582,0,1,Ritter,2007,yes,1,PLANT AND SOIL 295:239-251,"Carbon, nitrogen and phosphorus in volcanic soils following afforestation with native birch (Betula pubescens) and introduced larch (Larix sibirica) in Iceland",4/13/2018,,,,,
SCC,7614,2,1,Feldpausch,2007,yes,1,GLOBAL CHANGE BIOLOGY 13:967-979,Secondary forest growth deviation from chronosequence predictions in central Amazonia,4/14/2018,"Feldpausch 2004 presents 2001 data, here data through 2005; pulled density from text but Fig 2b is too abstracted to include",,,,
SL,7632,2,0,Marin-Spiotta,2007,yes,1,ECOLOGICAL APPLICATIONS 17:828-839 ,Long-term patterns in tropical reforestation: Plant community composition and aboveground biomass accumulation,8/2/2017,In Anderson-Teixeira 2016 but went with Poorter data. 10 of the sites used in Pascarella 2000/2004 (high elevation sites). Poorter mislabed 20 yr as 10 yr data ,,1,1,1
SCC,7698,2,1,Tschakert,2007,yes,1,ECOLOGICAL ECONOMICS 60:807-820 ,"Indigenous livelihoods, slash-and-burn agriculture, and carbon stocks in Eastern Panama",4/15/2018,USED 0.475 FOR CARBON,older forest,,,
SL,7716,0,0,Bermudez,2007,yes,1,ANNALS OF FOREST SCIENCE64:109-119,Floristic and structural recovery of a laurel forest community after clear-cutting: A 60 years chronosequence on La Palma (Canary Islands),4/15/2018,,,,,
SCC,7727,0,1,Armolaitis,2007,yes,1,BALTIC FORESTRY 13:169-178 ,Carbon sequestration and nitrogen status in Arenosols following afforestation or following abandonment of arable land,4/15/2018,,,,,
,7948,0,0,Eaton,2006,yes,1,FOREST ECOLOGY AND MANAGEMENT232:46-55,Woody debris stocks and fluxes during succession,4/16/2018,,,,,
SCC,7995,1,0,Hiratsuka,2006,yes,1,JARQ 40:277-282,"Biomass recovery of naturally regenerated vegetation after the 1998 forest fire in East Kalimantan, Indonesia",4/16/2018,only 5 yrs data,,,,
SCC,8082,1,0,Jepsen,2006,yes,1,FOREST ECOLOGY AND MANAGEMENT 225:287-295,"Above-ground carbon stocks in tropical fallows, Sarawak, Malaysia",9/21/2017,"N is unclear, so divided evenly across ages",,1,,
SCC,8167,0,1,Thuille,2006,yes,1,GLOBAL CHANGE BIOLOGY 12:325-342,Carbon dynamics in successional and afforested spruce stands in Thuringia and the Alps,4/16/2018,,">35 years, MP",,,
,8254,0,0,Sigurdsson,2005,yes,1,ANNALS OF FOREST SCIENCE62:881-888,Biomass and composition of understory vegetation and the forest floor carbon stock across Siberian larch and mountain birch chronosequences in Iceland,4/25/2018,,,,,
SCC,8257,2,0,Ruiz,2005,yes,1,BIOTROPICA 37:520-530  ,"Vegetation structure, composition, and species richness across a 56-year chronosequence of dry tropical forest on Providencia island, Colombia",8/3/2017,Pulled data from Poorter which does not appear to match ages etc,,,1,
SCC,8304,0,1,Blouin,2005,yes,1,CANADIAN JOURNAL OF SOILSCIENCE 85:681-691,Mechanical disturbance impacts on soil properties and lodgepole pine growth in British Columbia's central interior,4/16/2018,Only pulled data for naturally regenerating stands (not landings),,,,
SCC,8366,2,0,Neeff,2005,yes,1,FOREST ECOLOGY AND MANAGEMENT 216:270-282,A growth model for secondary forest in Central Amazonia,4/16/2018,,,,,
SCC,8376,2,0,Gehring,2005,yes,1,JOURNAL OF TROPICAL ECOLOGY 21:519-527,Resilience of secondary forest regrowth after slash-and-burn agriculture in central Amazonia,9/15/2017,,,1,,1
SCC,8429,0,1,Zheng,2005,yes,1,LAND DEGRADATION & DEVELOPMENT 16:387-396,How different reforestation approaches affect red soil properties in southern China,4/16/2018,"soil only, MP, SNR",plantations,,,
SCC,8474,0,1,Bautista-Cruz,2005,yes,1,SOIL SCIENCE SOCIETY OFAMERICAJOURNAL 69:906-914,Soil changes during secondary succession in a tropical montane cloud forest area,4/16/2018,,,,,
SCC,8553,0,1,Li,2005,yes,1,GLOBAL CHANGE BIOLOGY 11:239-248,Comparing soil organic carbon dynamics in plantation and secondary forest in wet tropics in Puerto Rico,4/16/2018,soil only,plantation,,,
SCC,8581,2,1,Monreal,2005,yes,1,CANADIAN JOURNAL OF SOILSCIENCE 85:523-530,A method for measuring above- and below-ground C stocks in hillside landscapes,4/16/2018,"""altered secondary forest"" means?",,,,
SCC,8587,1,0,Lawrence,2005,yes,1,ECOLOGY 86:26-33  ,Biomass accumulation after 10-200 years of shifting cultivation in bornean rain forest,4/16/2018,"data are in appendix, density from Lawrence 2004",,1,,1
SCC,8739,2,0,Davidson,2004,yes,1,ECOLOGICAL APPLICATIONS 14:S150-S163 ,Nitrogen and phosphorus limitation of biomass growth in a tropical secondary forest,9/15/2017,"An experiment & repeat measure, opted to record data for control over three years",,1,,
SCC,8740,0,1,Feldpausch,2004,yes,1,ECOLOGICAL APPLICATIONS 14:S164-S176 ,Carbon and nutrient accumulation in secondary forests regenerating on pastures in central Amazonia,9/21/2017,"Extracted soil only, biomass data duplicated in Feldpausch 2007",,1,,1
SCC,8742,2,1,Markewitz,2004,yes,1,ECOLOGICAL APPLICATIONS 14:S177-S199 ,Nutrient loss and redistribution after forest clearing on a highly weathered soil in Amazonia,4/16/2018,,,,,
SCC,8782,0,1,DeGryze,2004,yes,1,GLOBAL CHANGE BIOLOGY 10:1120-1132,Soil organic carbon pool changes following land-use conversions,4/16/2018,soil only,MP,,,
SCC,8847,0,1,Salimon,2004,yes,1,GLOBAL CHANGE BIOLOGY 10:833-843,CO2 flux from soil in pastures and forests in southwestern Amazonia,4/16/2018,,,,,
SL,8870,0,0,White,2004,yes,1,FOREST ECOLOGY AND MANAGEMENT191:121-127,Biomass accumulation and soil nitrogen availability in an 87-year-old Populus grandidentata chronosequence,4/17/2018,In Anderson 2006 meta-analysis,,1,,
SCC,8872,0,1,Kelliher,2004,yes,1,FOREST ECOLOGY AND MANAGEMENT 191:201-213,Limitations to carbon mineralization in litter and mineral soil of young and old ponderosa pine forests,4/18/2018,soil only,,,,
SCC,8873,0,1,Rab,2004,yes,1,FOREST ECOLOGY AND MANAGEMENT191:329-340,"Recovery of soil physical properties from compaction and soil profile disturbance caused by logging of native forest in Victorian Central Highlands, Australia",4/18/2018,did not extract data from snig tracks (too specific a case),,,,
,8882,0,0,Campo,2004,yes,1,ECOSYSTEMS 7:311-319  ,"Effects of nutrient limitation on aboveground carbon dynamics during tropical dry forest regeneration in Yucatan, Mexico",4/18/2018,"litter only, tree biomass for basal area",,,,
SCC,8898,1,0,Thenkabail,2004,yes,1,REMOTE SENSING OF ENVIRONMENT 90:23-43,"Hyperion, IKONOS, ALI, and ETM plus sensors in the study of African rainforests",4/18/2018,did not include mature secondary or mixed secondary forest (vague forest age),,,,
SCC,8964,0,1,Yang,2004,yes,1,JOURNAL OF ENVIRONMENTAL SCIENCES 16:256-261,Long-term impacts of land-use change on dynamics of tropical soil carbon and nitrogen pools,4/18/2018,"soil only, SNR, TMC",,,,
SCC,8989,0,1,Chen,2003,yes,1,FOREST ECOLOGY AND MANAGEMENT186:197-206,Change in soil carbon and nutrient storage after human disturbance of a primary Korean pine forest in Northeast China,4/18/2018,"SNR, MP",,,,
SL,8996,2,0,Pena-Claros,2003,yes,1,BIOTROPICA 35:450-461  ,Changes in forest structure and species composition during secondary forest succession in the Bolivian Amazon,8/2/2017,"Density pulled from figure, but seem high. Based on transect data.",,,1,
SCC,9017,0,1,O'Brien,2003,yes,1,FOREST ECOLOGY AND MANAGEMENT 185:249-261,Stability of soil organic matter in Eucalyptus regnans forests and Pinus radiata plantations in south eastern Australia,4/18/2018,assuming the Pinus radiata forests are planted,,,,
SL,9020,2,0,Vieira,2003,yes,1,REMOTE SENSING OF ENVIRONMENT87:470-481,Classifying successional forests using Landsat spectral properties and ecological characteristics in eastern Amazonia,8/2/2017,Many more plots in Poorter 2016 than original; also original has data on mature upland forest and igapo forest which I added (note height is max height),,,1,
SCC,9111,0,0,Jaramillo,2003,yes,1,JOURNAL OF TROPICAL ECOLOGY19:457-464,Root biomass and carbon in a tropical evergreen forest of Mexico: changes with secondary succession and forest conversion to pasture,4/18/2018,aboveground data and soil in Hughes 1999/2000,,,,
SCC,9199,0,1,Frizano,2003,yes,1,BIOTROPICA 35:2-11  ,"Labile phosphorus in soils of forest fallows and primary forest in the Bragantina region, Brazil",4/18/2018,soil only,,,,
SCC,9210,0,1,Behera,2003,yes,1,FOREST ECOLOGY AND MANAGEMENT 174:1-11,Soil microbial biomass and activity in response to Eucalyptus plantation and natural regeneration on tropical soil,4/18/2018,,,,,
SL,9222,0,0,Litton,2003,yes,1,CANADIAN JOURNAL OF FORESTRESEARCH-REVUECANADIENNEDERECHERCHEFORESTIERE33:351-363,Belowground and aboveground biomass in young postfire lodgepole pine forests of contrasting tree density,4/18/2018,can't highlight this one!,may duplicate data in Litton 2004,,,
SL,9224,2,0,Read,2003,yes,1,ECOLOGICAL APPLICATIONS 13:85-97 ,Recovery of biomass following shifting cultivation in dry tropical forests of the Yucatan,9/15/2017,"""most sites probably subjected to periodic thinning"", Included palm with trees and excluded lianas",,1,,
SCC,9362,0,1,Lawrence,2002,yes,1,INTERCIENCIA 27:400-408,"Changes in forest biomass, litter dynamics and soils following shifting cultivation in southern Mexico: An overview",4/20/2018,,,,,
SL,9387,0,0,Carmona,2002,yes,1,FOREST ECOLOGY AND MANAGEMENT164:265-275,"Coarse woody debris biomass in successional and primary temperate forests in Chiloe Island, Chile",4/20/2018,,,,,
SL,9395,2,0,Fehse,2002,yes,1,FOREST ECOLOGY AND MANAGEMENT163:9-25,High altitude tropical secondary forests: a competitive carbon sink?,4/20/2018,"Variable plot size, took average",,1,,
SCC,9396,2,0,Schroth,2002,yes,1,FOREST ECOLOGY AND MANAGEMENT 163:131-150,"Conversion of secondary forest into agroforestry and monoculture plantations in Amazonia: consequences for biomass, litter and soil carbon stocks after 7 years",4/20/2018,"did not collect soil data, for a 3 year fallow and no reference",,,,
SCC,9458,1,0,Manlay,2002,yes,1,AGRICULTURE ECOSYSTEMS & ENVIRONMENT 88:215-232,"Carbon, nitrogen and phosphorus allocation in agro-ecosystems of a West African savanna I. The plant component under semi-permanent cultivation",4/20/2018,,,,,
SL,9484,0,0,Janisch,2002,yes,1,TREE PHYSIOLOGY 22:77-89 ,Successional changes in live and dead wood carbon stores: implications for net ecosystem productivity,4/20/2018,In Anderson 2006 meta-analysis,,1,,
SL,9525,2,0,Kennard,2002,yes,1,JOURNAL OF TROPICAL ECOLOGY18:53-66,Secondary forest succession in a tropical dry forest: patterns of development across a 50-year chronosequence in lowland Bolivia,8/4/2017,In Poorter 2016,,,1,
SL,9567,2,0,Zarin,2001,yes,1,ECOSYSTEMS 4:658-668  ,Potential biomass accumulation in Amazonian regrowth forests,8/11/2017,"In Anderson 2006, Anderson-Teixeira 2016 pulled unpublished data and Denich data only??",,1,,
SCC,9643,2,1,Johnson,2001,yes,1,FOREST ECOLOGY AND MANAGEMENT 147:245-252,Carbon and nutrient storage in primary and secondary forests in eastern Amazonia,4/20/2018,"convert Vieira 1996 and Salomao 1994 basal area data to biomass, neither of those studies show up in my current literature so no duplication concerns",,,,
,9665,0,0,Simard,2001,yes,1,CANADIAN JOURNAL OF SOILSCIENCE81:229-237,Impacts of clearcut harvesting and wildfire on soil nutrient status in the Quebec boreal forest,4/25/2018,,,,,
SCC,9783,2,0,Aide,2000,yes,1,RESTORATION ECOLOGY 8:328-338 ,Forest regeneration in a chronosequence of tropical abandoned pastures: Implications for restoration ecology,6/23/2017,"Plot size a weighted average, Included Poorter 2016 data (Luquillo & Carite) though they do not align perfectly with original data (Fig 3), added Utuado & Ciales",,,*,
SCC,9813,0,1,Giese,2000,yes,1,ECOLOGICAL ENGINEERING 15:S157-S170 ,Spatial and temporal patterns of carbon storage and species richness in three South Carolina coastal plain riparian forests,4/21/2018,,,,,
SCC,9814,0,1,Wigginton,2000,yes,1,ECOLOGICAL ENGINEERING 15:S141-S155 ,Soil organic matter formation and sequestration across a forested floodplain chronosequence,4/21/2018,soil only,,,,
SL,9825,2,0,Steininger,2000,yes,1,JOURNAL OF TROPICAL ECOLOGY16:689-708,Secondary forest structure and biomass following short and extended land-use in central and southern Amazonia,4/23/2018,"In Anderson 2006, Anderson-Teixeira 2016, Poorter 2016. Extracted own version here because Poorter does not capture variation in prior land use. A-T data has issues. ",,1,1,1
SCC,9835,0,1,Scott,2000,yes,1,CANADIAN JOURNAL OF FORESTRESEARCH 30:1246-1255,Carbon and nitrogen distribution and accumulation in a New Zealand scrubland ecosystem,4/23/2018,"""scrubland""",older forests,,,
SCC,9848,2,0,Salimon,2000,yes,1,INTERCIENCIA 25:198-202  ,Secondary forests in western Amazonia: Significant sinks for carbon released from deforestation?,4/23/2018,,,,,
SCC,9892,0,1,Rhoades,2000,yes,1,ECOLOGICAL APPLICATIONS 10:497-505 ,"Soil carbon differences among forest, agriculture, and secondary vegetation in lower montane Ecuador",4/23/2018,soil only SNR,,,,
SL,9898,2,0,Sorrensen,2000,yes,1,FOREST ECOLOGY AND MANAGEMENT128:11-25,Linking smallholder land use and fire activity: examining biomass burning in the Brazilian Lower Amazon,8/11/2017,In Anderson 2006 meta-analysis,,1,,
SCC,9956,0,1,Sommer,2000,yes,1,PLANT AND SOIL 219:231-241,"Carbon storage and root penetration in deep soils under small-farmer land-use systems in the Eastern Amazon region, Brazil",4/23/2018,older forest,,,,
SCC,10007,2,1,Hughes,1999,yes,1,ECOLOGY 80:1892-1907  ,"Biomass, carbon, and nutrient dynamics of secondary forests in a humid tropical region of Mexico",4/23/2018,,,1,,1
SCC,10030,2,1,de Camargo,1999,yes,1,GLOBAL CHANGE BIOLOGY 5:693-702,Soil carbon dynamics in regrowing forest of eastern Amazonia,4/23/2018,"biomass data from Nepstad, but pulled here because cannot access Nepstad",,,,
SL,10039,0,0,Li,1999,yes,1,PLANT ECOLOGY 143:13-21 ,Secondary succession in two subtropical forests,4/23/2018,"In Anderson 2006 meta-analysis, but pulled own data because it seemed wrong, did not pull soil (3 cm)",,1,,
SCC,10302,1,0,Kotto-Same,1997,yes,1,AGRICULTURE ECOSYSTEMS & ENVIRONMENT 65:245-256,Carbon dynamics in slash-and-burn agriculture and land use alternatives of the humid forest zone in Cameroon,4/23/2018,"In Palm 2005, only tree biomass discernible from the figure",,,,
SL,10314,2,0,Alves,1997,yes,1,GLOBAL CHANGE BIOLOGY 3:451-461,"Biomass of primary and secondary vegetation in Rondonia, Western Brazilian Amazon",6/23/2017,Describes light use of land prior to reforestation except for 16 year plot and 2 year plot (1-2 harvests),,1,,1
SCC,10323,0,1,Guariguata,1997,yes,1,PLANT ECOLOGY 132:107-120 ,Structure and floristics of secondary and old-growth forest stands in lowland Costa Rica,5/7/2018,"in Marin-Spiotta 2009, soil only, basal area for plant",,,,
SCC,10506,1,0,Nykvist,1996,yes,1,JOURNAL OF TROPICAL ECOLOGY 12:307-312,Regrowth of secondary vegetation after the 'Borneo fire' of 1982-1983,4/24/2018,,,1,,1
SCC,10508,1,1,Juo,1996,yes,1,PLANT AND SOIL 180:209-217,Soil properties and crop performance on a kaolinitic Alfisol after 15 years of fallow and continuous cultivation,4/24/2018,,,,,
SCC,10570,0,1,Montagnini,1995,yes,1,JOURNAL OF APPLIED ECOLOGY 32:841-856,"The potentials of 20 indigenous tree species for soil rehabilitation in the Atlantic forest region of Bahia, Brazil",4/24/2018,,,,,
SL,10589,2,0,AIDE,1995,yes,1,FOREST ECOLOGY AND MANAGEMENT 77:77-86,FOREST RECOVERY IN ABANDONED TROPICAL PASTURES IN PUERTO-RICO,9/15/2017,"Have density, but I can't see the numbers in PDF, in ForCdb",,1,,
SL,10656,0,0,USOLTSEV,1995,yes,1,SCANDINAVIAN JOURNAL OF FORESTRESEARCH10:305-312,STAND BIOMASS DYNAMICS OF PINE PLANTATIONS AND NATURAL FORESTS ON DRY STEPPE IN KAZAKHSTAN,4/24/2018,In Anderson 2006 meta-analysis,,1,,
SL,10720,0,0,CROWELL,1994,yes,1,CANADIAN JOURNAL OF FORESTRESEARCH-REVUECANADIENNEDERECHERCHEFORESTIERE24:260-271,VEGETATION DEVELOPMENT IN A HARDWOOD-FOREST CHRONOSEQUENCE IN NOVA-SCOTIA,4/24/2018,In Anderson 2006 meta-analysis,,1,,
SL,10806,0,0,MOU,1993,yes,1,JOURNAL OF APPLIED ECOLOGY30:661-675,EFFECTS OF SOIL DISTURBANCE ON VEGETATION RECOVERY AND NUTRIENT ACCUMULATION FOLLOWING WHOLE-TREE HARVEST OF A NORTHERN HARDWOOD ECOSYSTEM,4/24/2018,In Anderson 2006 meta-analysis,,1,,
SL,10809,0,0,REINERS,1992,yes,1,ECOLOGICAL MONOGRAPHS 62:503-523 ,20 YEARS OF ECOSYSTEM REORGANIZATION FOLLOWING EXPERIMENTAL DEFORESTATION AND REGROWTH SUPPRESSION,4/24/2018,In Anderson 2006 meta-analysis,,1,,
SCC,10823,2,1,Faber-Langendoen,1992,yes,1,FOREST ECOLOGY AND MANAGEMENT 53:213-244,"ECOLOGICAL CONSTRAINTS ON RAIN-FOREST MANAGEMENT AT BAJO CALIMA, WESTERN COLOMBIA",4/24/2018,,,1,,1
SCC,10851,1,0,JOHANSSON,1992,yes,1,JOURNAL OF VEGETATION SCIENCE 3:401-406,REGENERATION OF CLEARED ACACIA-ZANZIBARICA BUSHLAND IN KENYA,4/24/2018,,,,,
SCC,10854,0,1,COOK,1992,yes,1,SOIL BIOLOGY & BIOCHEMISTRY 24:585-594,DISSOLVED ORGANIC-CARBON IN OLD FIELD SOILS - TOTAL AMOUNTS AS A MEASURE OF AVAILABLE RESOURCES FOR SOIL MINERALIZATION,4/24/2018,soil only,,,,
SCC,10860,2,1,LUGO,1992,yes,1,ECOLOGICAL MONOGRAPHS 62:1-41 ,COMPARISON OF TROPICAL TREE PLANTATIONS WITH SECONDARY FORESTS OF SIMILAR AGE,4/24/2018,,,1,,
SCC,10887,2,1,CUEVAS,1991,yes,1,PLANT AND SOIL 135:257-268,ABOVEGROUND AND BELOWGROUND ORGANIC-MATTER STORAGE AND PRODUCTION IN A TROPICAL PINE PLANTATION AND A PAIRED BROADLEAF SECONDARY FOREST,4/24/2018,,,,,
SCC,10938,2,0,Junqueira,2010,yes,1,Biodivers. Conserv. 19:1933–1961,Secondary forests on anthropogenic soils conserve agrobiodiversity,8/4/2017,Anthropogenic soils are in areas associated with pre-Colombian communities,,,1,
SCC,10939,2,0,Cabral,2013,yes,1,Revista Brasileira de Geografia Fisica 6:566–574,"Estrutura espacial e biomassa da parte aérea em diferentes estádios successionais de caatinga, em Santa Terezinha, Paraíba.",8/3/2017,,,,1,
SCC,10940,2,1,Vester,1998,yes,1,Flora 193:75–97,"Tree architecture and secondary tropical rain forest development - a case study in Araracuara, Colombian Amazoni",8/1/2017,"No biomass estimates in this paper, assuming that Poorter got the original dataset",,,1,
SCC,10942,2,0,Saldarriaga,1988,yes,1,Journal of Ecology 76:938–958,"Long-term chronosequence of forest succession in the upper Rio Negro of Colombia and Venezuela. J. Ecol. 76, 938–958",8/4/2017,Also in Anderson-Teixeira 2016. Did not use Poorter 2016 because this paper used site-specific allometric and collected necromass & root biomass that Poorter excluded,,1,1,1
SCC,10943,2,0,van Breugel,2006,yes,1,Journal of Tropical Ecology 22:663–674,Community dynamics during early secondary succession in Mexican tropical rain forests,8/2/2017,"Data  inextractable from original. Years, site name etc do not match those referenced in Poorter. Putting in Poorter data here, but they may have provided incorrect citation.",,,1,
SCC,10944,2,0,van Breugel,2013,yes,1,PLoS ONE 8:e82433,Succession of ephemeral secondary forests and their limited role for the conservation of floristic diversity in a human-modified tropical landscape,8/1/2017,Extracted data from Poorter 2016 (reanalyzed),,,1,
SCC,10945,2,0,Denslow,2000,yes,1,Journal of Vegetation Science 11:201–212,"Variation in stand structure, light and seedling abundance across a tropical moist forest chronosequence, Panama",8/2/2017,"Biomass data from Poorter. Forests aged 40& 70, only one data point exists in the paper per age for basal area (22.3 and 37.896 respective) and density (1075 and 1279 respectively) so did not include values in spreadsheet. Values extracted from figure.",,,1,
SCC,10946,2,0,Dupuy,2012,yes,1,Biotropica 44:151–162 ,"Patterns and correlates of tropical dry forest structure and composition in a highly replicated chronosequence in Yucatan, Mexico",8/4/2017,"dbh is 5 because of Poorter analysis, rather than 1 in original paper",,,1,
SCC,10949,2,1,Piotto,2011,yes,1,"PhD Thesis. Yale University. Spatial dynamics of forest recovery after swidden cultivation in the Atlantic forest of southern Bahia, Brazil.",Spatial Dynamics of Forest Recovery after Swidden Cultivation in the Atlantic Forest of Southern Bahia,7/13/2017,used data from Poorter 2016 so did not pull the data on different size classes or percent standing dead,,,1,
SCC,10951,2,0,Madeira,2009,yes,1,Plant Ecol 201:291–304,Changes in tree and liana communities along a successional gradient in a tropical dry forest in south-eastern Brazil,8/3/2017,"Biomass data from Poorter, Madeira had 8 plots for older forests but Poorter only has 6. Ages do not appear to line up, but prioritized Poorter stand ages",,,1,
SCC,10965,1,0,Naughton-Treves,2001,yes,1,J Sustainable Forestry 14:19-32,Fuelwood resources and forest regeneration on Fallow Land in Uganda,4/25/2018,,,,,1
SCC,10966,0,0,Toky,1983,yes,1,Journal of Ecology 71:735–745.,"Secondary succession following slash and burn agriculture in northeastern India. 1. Biomass, litterfall and productivity.",4/25/2018,In Anderson 2006 meta-analysis,,1,,1
SCC,10968,2,1,Uhl,1984,yes,1,Ecology 65:1476–1490 ,Succession and nutrient dynamics following forest cutting and burning in Amazonia,8/11/2017,"In Anderson 2006, Anderson-Teixeira 2016",,1,,1
SCC,10969,2,0,Uhl,1988,yes,1,Journal of Ecology 76:663-681,Abandoned pastures in Eastern Amazonia. 1. Patterns of plant succession.,9/13/2017,In Anderson 2006 meta-analysis,,1,,1
SCC,10971,2,0,Vargas,2008,yes,1,Global Change Biology 14:109–124,Biomass and carbon accumulation in a fire chronosequence of a seasonally dry tropical forest,4/26/2018,Extracted data differently than ForCdb,,1,,1
SCC,10972,2,1,Cifuentes-Jara,2008,yes,1,PhD Thesis. Oregon State University,Aboveground Biomass and Ecosystem Carbon Pools in Tropical Secondary Forests Growing in Six Life Zones of Costa Rica,4/26/2018,"Extracted data separately to get plot, sites to line up",,1,,1
SCC,11064,2,0,Toledo,2006,yes,1,Biotropica 38: 161–170 ,Secondary succession and indigenous management in semideciduous forest fallows of the Amazon basin,8/4/2017,"Harvesting, weeding, implanting, maintaining useful plants, experimenting with new species and crops",,,1,
SCC,11079,0,0,McMahon,2010,yes,1,PNAS 107:3611-3615 ,Evidence for a recent increase in forest growth,4/26/2018,plot.id linked by lines within the figure to show repeat measure,,,,
SCC,11093,2,0,Crow,1980,yes,1,Biotropica 12:42-55 ,"A rainforest chronicle: a 30-year record of change in structure and composition at El Verde, Puerto Rico.",9/21/2017,Extracted data differently,,*,,
SCC,11101,0,0,Pare,1995,yes,1,Journal of Ecology 83:1001-1007,Above-ground biomass accumulation along a 230-year chronosequence in the southern portion of the Canadian boreal forest.,4/26/2018,,,1,,
SCC,11107,0,0,Sprugel,1984,yes,1,Ecological Monographs 54:165-186,"Density, biomass, productivity, and nutrient-cycling changes during stand development in wave-regenerated balsam fir forests",4/26/2018,In Anderson 2006 meta-analysis,,1,,
SCC,11110,0,0,Wang,1995,yes,1,Forest Ecology and Management 78:127-138,"Aboveground biomass and nutrient accumulation in an age sequence of aspens (Populus tremuloides) stands in the boreal white and black spruce zone, British Columbia.",4/26/2018,,,1,,
SCC,11111,2,1,Williams-Linera,1983,yes,1,Biotropica 15: 275-284 ,"Biomass and nutrient content in two successional stages of tropical wet forest in Uxpanapa, Mexico.",4/26/2018,"In Anderson 2006 meta-analysis, but pulled own data because it seemed wrong",,1,,1
SCC,11120,0,0,Frouz,2008,yes,1,European Journal of Soil Biology 44:109–121,"Interactions between soil development, vegetation and soil fauna during spontaneous succession in post mining sites",4/27/2018,couldn't line up the stocks so gave each a separate measurement.id,,,,
SCC,11149,2,0,Chazdon,2005,yes,1,Ecology 86:1808–15.  ,Effects of climate and stand age on annual tree dynamics in tropical second growth rain forests,8/4/2017,"Poorter did not extract the repeat data, unclear which year used. Did not extract density as years in original do not match Poorter; In Rozendaal 2017 but did not extract because data re to abstracted",,,1,
SCC,11166,0,1,Uri,2012,yes,1,Forest Ecology and Management 267:117-126,Biomass production and carbon sequestration in a fertile silver birch forest chronosequence,4/27/2018,"Aakre, Kooraste 2, Alatskivi are ANR not SNR",,,,
SCC,11189,2,1,Ibrahim,2006,yes,1,Agroforestería en las Américas 45:27-36,"Almacenamiento de Carbono en el suelo y la biomasa arbórea en sistemas de usos de la tierra en paisajes ganaderos de Colombia, Costa Rica y Nicaragua",7/27/2017,"in Winrock 2014, only Matiguas has SNR",,,,
SCC,11204,1,1,Palm,1999,yes,1,"In:Ericksen (ed). ASB Climate Change Working Group Final Report Phase II. Nairobi,Kenya",Carbon sequestration and trace gas emissions in slash-and-burn and alternative land-uses in the humid tropics,4/27/2018,"in Winrock 2014, assuming SW lat/long for Brazil, only pulled reference plots and natural fallow",,,,
SCC,11231,2,1,Buschbacher,1988,yes,1,Journal of Ecology 76:682-699,Abandoned pastures in eastern Amazonia II. Nutrient stocks in the soil and vegetation,4/27/2018,,,,,
SCC,11253,1,0,Bartholomew,1953,yes,1,Publications de L’Institut National Pour L'Etude Agronomique du Congo Belge 57:3-27,Mineral nutrient immobilization under forest and grass fallow in the Yangambi (Belgian Congo) region with some preliminary results on the decomposition of plant material on the forest floor,5/7/2018,published prior to 1975,,1,,
SCC,11256,2,1,Sierra,2012,yes,1,Carbon Balance and Management 7:12,Total carbon accumulation in a tropical forest landscape,9/15/2017,Extracted data differently than ForCdb; summarizes and expands data published elsewhere but not duplicated here,,1,,
SCC,11257,2,0,Schongart,2010,yes,1,"Amazonian Floodplain Forests. Ecophysiology, Biodiversity and Sustainable Management. Ecological Studies 210. ",Biomass and Net Primary Production of Central Amazonian Floodplain Forests,9/21/2017,,,1,,
SCC,11258,1,0,Aththorick,2012,yes,1,Biodiversitas 13:92-97 ,"Vegetation stands structure and aboveground biomass after the shifting cultivation practices of Karo People in Leuser Ecosystem, North Sumatra",9/21/2017,,,1,,
SCC,11269,1,0,Nygard,2004,yes,1,Forest Ecology and Management 189:77-85,Wood-fuel yields in short-rotation coppice growth in the north Sudan savanna in Burkina Faso,9/26/2017,Aboveground biomass does NOT include leaf mass,,1,,
SCC,11282,0,1,Boone,1988,yes,1,Ecology 69:714-722,Stand and soil changes along a Mountain Hemlock death and regrowth sequence,4/27/2018,"in ForCdb, but they didn't actually pull most of the data",,*,,
SCC,11293,1,1,Fukushima,2007,yes,1,Southeast Asian Studies 45:317-333,"Recovery Process of Fallow Vegetation in the Traditional Karen Swidden Cultivation System in the Bago Mountain Range, Myanmar",4/27/2018,,,1,,1
SCC,11295,0,1,Gough,2007,yes,1,Global Change Biology 13:1935-1949,The legacy of harvest and fire on ecosystem carbon storage in a north temperate forest,4/28/2018,"in ForCdb, but they didn't pull stock data",,*,,
SCC,11300,0,1,Grier,1981,yes,1,Can. J. For. Res. 11:155-167,Biomass distribution and above-and below-ground production in young and mature Abies amabilis zone ecosystems of the Washington Cascades,4/28/2018,"in ForCdb, but they didn't pull most data",,*,,
SCC,11302,0,0,Helmisaari,1995,yes,1,Plant and Soil 168/169:327-336,Nutrient cycling in Pinus sylvestris stands in eastern Finland,4/28/2018,extracted differently than ForCdb,,1,,
SCC,11305,0,1,Hooker,2003,yes,1,Ecological Applications 13:299-313,Forest ecosystem carbon and nitrogen accumulation during the first century after agricultural abandonment,5/3/2018,"re-extracted data, stand ages were incorrect in ForCdb",,1,,
SCC,11312,0,0,Kauffman,1988,yes,1,Oikos 53:167-175,Fire in the Venezuelan Amazon 1: Fuel Biomass and Fire Chemistry in the Evergreen Rainforest of Venezuela,5/3/2018,"debris only, not biomass as denoted in ForCdb",,1,,
SCC,11319,0,1,Law,2001,yes,1,Global Change Biology 7:755-777,Carbon storage and fluxes in ponderosa pine forests at different developmental stages,5/3/2018,"also pulled data from swath of pine forests with a clear forest age, giving them Y geolocation",,1,,
SCC,11321,0,1,Litton,2004,yes,1,Ecological Applications 14:460-475,Effects of tree density and stand age on carbon allocation patterns in postfire lodgepole pine,5/3/2018,,,1,,
SCC,11323,0,1,Martin,2005,yes,1,Biogeochemistry 73:149-182,"Annual soil respiration in broadleaf forests of northern Wisconsin: influence of moisture and site biological, chemical, and physical characteristics",5/3/2018,"pulled different data than ForCdb, belowground data only, basal area above",,*,,
SCC,11346,0,1,Rothstein,2004,yes,1,Can. J. For. Res. 34:1908–1918,Loss and recovery of ecosystem carbon pools following stand-replacing wildfire in Michigan jack pine forests,5/4/2018,,,1,,
SCC,11360,2,0,Uhl,1990,yes,1,Ecology 71:437-449,"Deforestation, Fire Susceptibility, and Potential Tree Responses to Fire in the Eastern Amazon",5/4/2018,,,1,,
SCC,11366,0,1,Wirth,2002,yes,1,Plant and Soil 242:41-63,Fire and site type effects on the long-term carbon and nitrogen balance in pristine Siberian Scots pine forests,5/4/2018,extracted different data than ForCdb,,*,,
SCC,11369,0,1,Yanai,2006,yes,1,Can. J. For. Res. 36:450–459,The vertical and horizontal distribution of roots in northern hardwood stands of varying age. ,5/4/2018,extracted different data than ForCdb,,*,,
SCC,11408,2,0,Gilroy,2014,yes,1,Nature Climate Change DOI:10.1038/NCLIMATE22,Cheap carbon and biodiversity co-benefits from forest regeneration in a hotspot of endemism,5/4/2018,all carbon stocks included,,,,
SCC,11419,1,0,Guo,2014,yes,1,GLOBAL ECOLOGY AND BIOGEOGRAPHY 23:1461-1471,Productivity as related to diversity and age in planted versus natural forests,5/6/2018,"massive dataset with inaccessible literature but had all needed details, so included those that met criteria (known geolocation, natural stand, at least one stand < 30, not older than 100)",,,,
SCC,11440,2,0,Moran,2000,yes,1,Forest Ecology and Management 139:93-108,Effects of soil fertility and land-use on forest succession in Amazonia,5/7/2018,biomass data only for Ponta de Pedras,,,,
SCC,11447,0,1,Brown,1990,yes,1,Plant and Soil 124:53-64,Effects of forest clearing and succession on the carbon and nitrogen content of soils in Puerto Rico and US Virgin Islands,5/4/2018,"in Marin-Spiotta 2009, did not extract Carite (no SNR forest there)",,,,
SCC,11448,0,1,Lugo,1986,yes,1,Plant and Soil 96:185-196,Land use and organic carbon content of some subtropical soils,5/4/2018,"in Marin-Spiotta 2009, duplicates Brown 1990?",,,,
SCC,11449,0,1,Wadsworth,1990,yes,1,Plant and Soil 122:151-156,Effects of length of forest fallow on fertility dynamics in a Mexican ultisol,5/4/2018,in Marin-Spiotta 2009,,,,
SCC,11450,0,1,Werner,1984,yes,1,Biotropica 16:43-50,Changes in soil properties during tropical wet forest succession in Costa Rica,5/4/2018,in Marin-Spiotta 2009,,,,
SCC,11453,0,0,Roth,1994,yes,1,Ecological Applications 4:426-436,Large-vertebrate assemblages of primary and secondary forests in the Brazilian Amazon,5/7/2018,"in Crouzeilles 2016, litter only",,,,
SCC,11454,0,0,Ryan,1997,yes,1,Journal of Geophysical Research 102:28871-28883,Annual carbon cost of autotrophic respiration in boreal forest ecosystems in relation to species and climate. ,5/7/2018,ForCdb links aboveground carbon to specific stands,,1,,
SCC,11465,1,0,Toma,2005,yes,1,Nutrient Cycling in Agroecosystems 71:63-72,"Long-term monitoring of post-fire aboveground biomass recovery in a lowland dipterocarp forest in East Kalimantan, Indonesia",5/7/2018,"only heavily disturbed stands extracted, remainder are not reforestation",,,,
SCC,11475,1,0,Ewel,1983,yes,1,Malaysian Forester 46:347-364,Biomass and floristics of three young second-growth forests in Sarawak.,5/9/2018,from Charlotte Wheeler,,,,
SCC,11480,0,1,Gower,1997,yes,1,Journal of Geophysical Research 102:29029-29041,"Carbon distribution and aboveground net primary production in aspen, jack pine, and black spruce stands in Saskatchewan and Manitoba, Canada",5/9/2018,same stands in Ryan 1997,,1,,
SCC,11481,0,0,Krankina ,1999,yes,1,"Data set. Available on-line [https://doi.org/10.3334/ORNLDAAC/467 ORNL DAAC] from Oak Ridge National Laboratory Distributed Active Archive Center, Oakridge, Tennessee, USA.","NPP Boreal Forest: Siberian Scots Pine Forests, Russia, 1968-1974.",5/9/2018,data from Russian publications. No units on ground cover or dead wood so did not extract,,1,,
SCC,11494,NA,0,Li,1995,yes,1,"Researches on Tropical Forest Ecosystems in Jianfengling of China, Chinese Academy of Forestry, International Tropical Timber Organization, Forestry Bureau of Hainan Province, China Forestry Publishing House, Beijing 1995","Study on biomass of tropical mountain rain forest in Jianfengling, Hainan Island",5/16/2018,from Robin Chazdon,,,,
SCC,11500,NA,1,Armolaitis,2011,yes,1,ZEMDIRBYSTE-AGRICULTURE 98:275-282,Renaturalization of Arenosols in the land afforested with Scots pine (Pinus sylvestris L.) and abandoned arable land,5/16/2018,,,,,
SCC,11501,NA,0,Turner,1981,yes,1,Annals of Botany 48:159-169,Nutrient cycling in an age sequence of western Washington Douglas-fir stands,5/16/2018,only give data for 9 and 95 year stands,,,,
SCC,11503,NA,1,Davis,2003,yes,1,Forest Ecology and Management 177:313-321,Carbon storage along a stand development sequence in a New Zealand Nothofagus forest,5/16/2018,,,,,
,,,,,,,,,,,,,,,
,,,,,,,,,,,,,,,
,,,,,,,,,,,,,,,
,,,,,,,,,,,,,,,
,,,,,,,,,,,,,,,
,,,,,,,,,,,,,,,
,,,,,,,,,,,,,,,
,,,,,,,,,,,,,,,
,,,,,,,,,,,,,,,
,,,,,,,,,,,,,,,
,,,,,,,,,,,,,,,
,,,,,,,,,,,,,,,
,,,,,,,,,,,,,,,
,,,,,,,,,,,,,,,
,,,,,,,,,,,,,,,
,,,,,,,,,,,,,,,
,,,,,,,,,,,,,,,
,,,,,,,,,,,,,,,
,,,,,,,,,,,,,,,
,,,,,,,,,,,,,,,
,,,,,,,,,,,,,,,
,,,,,,,,,,,,,,,
,,,,,,,,,,,,,,,
,,,,,,,,,,,,,,,
,,,,,,,,,,,,,,,
,,,,,,,,,,,,,,,
,,,,,,,,,,,,,,,
,,,,,,,,,,,,,,,
,,,,,,,,,,,,,,,
,,,,,,,,,,,,,,,
,,,,,,,,,,,,,,,
,,,,,,,,,,,,,,,
,,,,,,,,,,,,,,,
,,,,,,,,,,,,,,,
,,,,,,,,,,,,,,,
,,,,,,,,,,,,,,,
,,,,,,,,,,,,,,,
,,,,,,,,,,,,,,,
,,,,,,,,,,,,,,,
,,,,,,,,,,,,,,,
,,,,,,,,,,,,,,,
,,,,,,,,,,,,,,,
,,,,,,,,,,,,,,,
,,,,,,,,,,,,,,,
,,,,,,,,,,,,,,,
,,,,,,,,,,,,,,,
,,,,,,,,,,,,,,,
,,,,,,,,,,,,,,,
,,,,,,,,,,,,,,,
,,,,,,,,,,,,,,,
,,,,,,,,,,,,,,,
,,,,,,,,,,,,,,,
,,,,,,,,,,,,,,,
,,,,,,,,,,,,,,,
,,,,,,,,,,,,,,,
,,,,,,,,,,,,,,,
,,,,,,,,,,,,,,,
,,,,,,,,,,,,,,,
,,,,,,,,,,,,,,,
,,,,,,,,,,,,,,,
,,,,,,,,,,,,,,,
,,,,,,,,,,,,,,,
,,,,,,,,,,,,,,,
,,,,,,,,,,,,,,,
,,,,,,,,,,,,,,,
,,,,,,,,,,,,,,,
,,,,,,,,,,,,,,,
,,,,,,,,,,,,,,,
,,,,,,,,,,,,,,,
,,,,,,,,,,,,,,,
,,,,,,,,,,,,,,,
,,,,,,,,,,,,,,,
,,,,,,,,,,,,,,,
,,,,,,,,,,,,,,,
,,,,,,,,,,,,,,,
,,,,,,,,,,,,,,,
,,,,,,,,,,,,,,,
,,,,,,,,,,,,,,,
,,,,,,,,,,,,,,,
,,,,,,,,,,,,,,,
,,,,,,,,,,,,,,,
,,,,,,,,,,,,,,,
,,,,,,,,,,,,,,,
,,,,,,,,,,,,,,,
,,,,,,,,,,,,,,,
,,,,,,,,,,,,,,,
,,,,,,,,,,,,,,,
,,,,,,,,,,,,,,,
,,,,,,,,,,,,,,,
,,,,,,,,,,,,,,,
,,,,,,,,,,,,,,,
,,,,,,,,,,,,,,,
,,,,,,,,,,,,,,,
,,,,,,,,,,,,,,,
,,,,,,,,,,,,,,,
,,,,,,,,,,,,,,,
,,,,,,,,,,,,,,,
,,,,,,,,,,,,,,,
,,,,,,,,,,,,,,,
,,,,,,,,,,,,,,,
,,,,,,,,,,,,,,,
,,,,,,,,,,,,,,,
,,,,,,,,,,,,,,,
,,,,,,,,,,,,,,,
,,,,,,,,,,,,,,,
,,,,,,,,,,,,,,,
,,,,,,,,,,,,,,,
,,,,,,,,,,,,,,,
,,,,,,,,,,,,,,,
,,,,,,,,,,,,,,,
,,,,,,,,,,,,,,,
,,,,,,,,,,,,,,,
,,,,,,,,,,,,,,,
,,,,,,,,,,,,,,,
,,,,,,,,,,,,,,,
,,,,,,,,,,,,,,,
,,,,,,,,,,,,,,,
,,,,,,,,,,,,,,,
,,,,,,,,,,,,,,,
,,,,,,,,,,,,,,,
,,,,,,,,,,,,,,,
,,,,,,,,,,,,,,,
,,,,,,,,,,,,,,,
,,,,,,,,,,,,,,,
,,,,,,,,,,,,,,,
,,,,,,,,,,,,,,,
,,,,,,,,,,,,,,,
,,,,,,,,,,,,,,,
,,,,,,,,,,,,,,,
,,,,,,,,,,,,,,,
,,,,,,,,,,,,,,,
,,,,,,,,,,,,,,,
,,,,,,,,,,,,,,,
,,,,,,,,,,,,,,,
,,,,,,,,,,,,,,,
,,,,,,,,,,,,,,,
,,,,,,,,,,,,,,,
,,,,,,,,,,,,,,,
,,,,,,,,,,,,,,,
,,,,,,,,,,,,,,,
,,,,,,,,,,,,,,,
,,,,,,,,,,,,,,,
,,,,,,,,,,,,,,,
,,,,,,,,,,,,,,,
,,,,,,,,,,,,,,,
,,,,,,,,,,,,,,,
,,,,,,,,,,,,,,,
,,,,,,,,,,,,,,,
,,,,,,,,,,,,,,,
,,,,,,,,,,,,,,,
,,,,,,,,,,,,,,,
,,,,,,,,,,,,,,,
,,,,,,,,,,,,,,,
,,,,,,,,,,,,,,,
,,,,,,,,,,,,,,,
,,,,,,,,,,,,,,,
,,,,,,,,,,,,,,,
,,,,,,,,,,,,,,,
,,,,,,,,,,,,,,,
,,,,,,,,,,,,,,,
,,,,,,,,,,,,,,,
,,,,,,,,,,,,,,,
,,,,,,,,,,,,,,,
,,,,,,,,,,,,,,,
,,,,,,,,,,,,,,,
,,,,,,,,,,,,,,,
,,,,,,,,,,,,,,,
,,,,,,,,,,,,,,,
,,,,,,,,,,,,,,,
,,,,,,,,,,,,,,,
,,,,,,,,,,,,,,,
,,,,,,,,,,,,,,,
,,,,,,,,,,,,,,,
,,,,,,,,,,,,,,,
,,,,,,,,,,,,,,,
,,,,,,,,,,,,,,,
,,,,,,,,,,,,,,,
,,,,,,,,,,,,,,,
,,,,,,,,,,,,,,,
,,,,,,,,,,,,,,,
,,,,,,,,,,,,,,,
,,,,,,,,,,,,,,,
,,,,,,,,,,,,,,,
,,,,,,,,,,,,,,,
,,,,,,,,,,,,,,,
,,,,,,,,,,,,,,,
,,,,,,,,,,,,,,,
,,,,,,,,,,,,,,,
,,,,,,,,,,,,,,,
,,,,,,,,,,,,,,,
,,,,,,,,,,,,,,,
,,,,,,,,,,,,,,,
,,,,,,,,,,,,,,,
,,,,,,,,,,,,,,,
,,,,,,,,,,,,,,,
,,,,,,,,,,,,,,,
,,,,,,,,,,,,,,,
,,,,,,,,,,,,,,,
,,,,,,,,,,,,,,,
,,,,,,,,,,,,,,,
,,,,,,,,,,,,,,,
,,,,,,,,,,,,,,,
,,,,,,,,,,,,,,,
,,,,,,,,,,,,,,,
,,,,,,,,,,,,,,,
,,,,,,,,,,,,,,,
,,,,,,,,,,,,,,,
,,,,,,,,,,,,,,,
,,,,,,,,,,,,,,,
,,,,,,,,,,,,,,,
,,,,,,,,,,,,,,,
,,,,,,,,,,,,,,,
,,,,,,,,,,,,,,,
,,,,,,,,,,,,,,,
,,,,,,,,,,,,,,,
,,,,,,,,,,,,,,,
,,,,,,,,,,,,,,,
,,,,,,,,,,,,,,,
,,,,,,,,,,,,,,,
,,,,,,,,,,,,,,,
,,,,,,,,,,,,,,,
,,,,,,,,,,,,,,,
,,,,,,,,,,,,,,,
,,,,,,,,,,,,,,,
,,,,,,,,,,,,,,,
,,,,,,,,,,,,,,,
,,,,,,,,,,,,,,,
,,,,,,,,,,,,,,,
,,,,,,,,,,,,,,,
,,,,,,,,,,,,,,,
,,,,,,,,,,,,,,,
,,,,,,,,,,,,,,,
,,,,,,,,,,,,,,,
,,,,,,,,,,,,,,,
,,,,,,,,,,,,,,,
,,,,,,,,,,,,,,,
,,,,,,,,,,,,,,,
,,,,,,,,,,,,,,,
,,,,,,,,,,,,,,,
,,,,,,,,,,,,,,,
,,,,,,,,,,,,,,,
,,,,,,,,,,,,,,,
,,,,,,,,,,,,,,,
,,,,,,,,,,,,,,,
,,,,,,,,,,,,,,,
,,,,,,,,,,,,,,,
,,,,,,,,,,,,,,,
,,,,,,,,,,,,,,,
,,,,,,,,,,,,,,,
,,,,,,,,,,,,,,,
,,,,,,,,,,,,,,,
,,,,,,,,,,,,,,,
,,,,,,,,,,,,,,,
,,,,,,,,,,,,,,,
,,,,,,,,,,,,,,,
,,,,,,,,,,,,,,,
,,,,,,,,,,,,,,,
,,,,,,,,,,,,,,,
,,,,,,,,,,,,,,,
,,,,,,,,,,,,,,,
,,,,,,,,,,,,,,,
,,,,,,,,,,,,,,,
,,,,,,,,,,,,,,,
,,,,,,,,,,,,,,,
,,,,,,,,,,,,,,,
,,,,,,,,,,,,,,,
,,,,,,,,,,,,,,,
,,,,,,,,,,,,,,,
,,,,,,,,,,,,,,,
,,,,,,,,,,,,,,,
,,,,,,,,,,,,,,,
,,,,,,,,,,,,,,,
,,,,,,,,,,,,,,,
